Var1,Var2,Corr,Abs_Corr
pvoteTG,pvoteTD,-0.9999999999999888,0.9999999999999888
pvoteTD,pvoteTGratio,-0.9999999999999871,0.9999999999999871
pvoteTDratio,pvoteTG,-0.999999999999982,0.999999999999982
pvoteTGratio,pvoteTDratio,-0.9999999999999742,0.9999999999999742
pparratio,pabs,-0.9999999999999252,0.9999999999999252
pvoteGratio,pvoixNUP,0.9852703760461785,0.9852703760461785
pvoteGratio,pvoixNUPratio,0.9852703760410979,0.9852703760410979
pvoixNUP,pvoteG,0.985270375984659,0.985270375984659
pvoixNUPratio,pvoteG,0.9852703759795747,0.9852703759795747
nmencomp,pop2022,0.9776110188376744,0.9776110188376744
pvoixDVG,pvoteCG,0.9594978753524811,0.9594978753524811
pvoteCG,pvoixDVGratio,0.9594978752801696,0.9594978752801696
pvoixDVG,pvoteCGratio,0.9594978751838275,0.9594978751838275
pvoixDVGratio,pvoteCGratio,0.9594978751115104,0.9594978751115104
pvoixRNratio,pvoteD,0.9565337220801017,0.9565337220801017
pvoixRN,pvoteD,0.9565337220484605,0.9565337220484605
pvoixRNratio,pvoteDratio,0.9565337216651767,0.9565337216651767
pvoteDratio,pvoixRN,0.9565337216335326,0.9565337216335326
pvoteTDratio,pvoteDCDratio,0.9387930238710201,0.9387930238710201
pvoteDCD,pvoteTDratio,0.9387930236459064,0.9387930236459064
pvoteDCDratio,pvoteTD,0.9387930236157487,0.9387930236157487
pvoteTG,pvoteDCDratio,-0.938793023575436,0.938793023575436
pvoteTGratio,pvoteDCDratio,-0.9387930234771872,0.9387930234771872
pvoteDCD,pvoteTD,0.938793023390649,0.938793023390649
pvoteDCD,pvoteTG,-0.9387930233503303,0.9387930233503303
pvoteDCD,pvoteTGratio,-0.9387930232520901,0.9387930232520901
pvoteGCG,pvoteTGratio,0.9095538744532082,0.9095538744532082
pvoteTG,pvoteGCG,0.9095538743346867,0.9095538743346867
pvoteGCG,pvoteTD,-0.9095538742860487,0.9095538742860487
pvoteTGratio,pvoteGCGratio,0.9095538742467144,0.9095538742467144
pvoteGCGratio,pvoteTG,0.9095538741281896,0.9095538741281896
pvoteTD,pvoteGCGratio,-0.9095538740795583,0.9095538740795583
pvoteGCG,pvoteTDratio,-0.9095538739780832,0.9095538739780832
pvoteTDratio,pvoteGCGratio,-0.9095538737715888,0.9095538737715888
peretr2022,perimmigre2022,0.9046466869388924,0.9046466869388924
pvoixENSratio,pvoteC,0.8947278360128703,0.8947278360128703
pvoteC,pvoixENS,0.8947278359514793,0.8947278359514793
pvoteCratio,pvoixENSratio,0.8947278356708016,0.8947278356708016
pvoixENS,pvoteCratio,0.8947278356093992,0.8947278356093992
capitalratio2022,prixm2ratio2022,0.8877239344862083,0.8877239344862083
peretr2022,part_etranger,0.8676666288776614,0.8676666288776614
Bloc_Score,Parti_score,0.8451774090225996,0.8451774090225996
part_etranger,perimmigre2022,0.8078541241308264,0.8078541241308264
ppint2022,pcapi2022,0.790182119127325,0.790182119127325
pvoixLR,pvoteCDratio,0.7762953397298175,0.7762953397298175
pvoteCDratio,pvoixLRratio,0.7762953397041936,0.7762953397041936
pvoteCD,pvoixLR,0.7762953393684576,0.7762953393684576
pvoixLRratio,pvoteCD,0.7762953393428268,0.7762953393428268
pvoteDCD,pvoteCDratio,0.7626859226289548,0.7626859226289548
pvoteCD,pvoteDCD,0.7626859225626169,0.7626859225626169
pvoteCDratio,pvoteDCDratio,0.7626859221378252,0.7626859221378252
pvoteCD,pvoteDCDratio,0.7626859220715015,0.7626859220715015
pbac2022,psup2022,0.751288051619446,0.751288051619446
paica2022,paind2022,0.7406535560693784,0.7406535560693784
pouem2022,pcapi2022,-0.7167821199220438,0.7167821199220438
pvoteDCDratio,pvoteGCG,-0.7107210387146164,0.7107210387146164
pvoteGCGratio,pvoteDCDratio,-0.7107210383650931,0.7107210383650931
pvoteDCD,pvoteGCG,-0.7107210382549208,0.7107210382549208
pvoteDCD,pvoteGCGratio,-0.7107210379054045,0.7107210379054045
paind2022,pagri2022,0.7042609311256945,0.7042609311256945
pvoteGCG,pvoteG,0.6953304474653316,0.6953304474653316
pvoteGCG,pvoteGratio,0.6953304471068561,0.6953304471068561
pvoteGCGratio,pvoteG,0.6953304467488394,0.6953304467488394
pvoteGCGratio,pvoteGratio,0.695330446390372,0.695330446390372
pvoteTGratio,pvoteCDratio,-0.6857653687723744,0.6857653687723744
pvoteCD,pvoteTGratio,-0.6857653686520605,0.6857653686520605
pvoteTG,pvoteCDratio,-0.6857653685124352,0.6857653685124352
pvoteTG,pvoteCD,-0.6857653683921197,0.6857653683921197
pvoteTD,pvoteCDratio,0.6857653682891298,0.6857653682891298
pvoteCD,pvoteTD,0.6857653681688252,0.6857653681688252
pvoteCDratio,pvoteTDratio,0.6857653680997772,0.6857653680997772
pvoteTDratio,pvoteCD,0.6857653679794572,0.6857653679794572
pvoteGCG,pvoixNUP,0.6752946435256696,0.6752946435256696
pvoixNUPratio,pvoteGCG,0.6752946431637915,0.6752946431637915
pvoteGCGratio,pvoixNUP,0.6752946428471533,0.6752946428471533
pvoixNUPratio,pvoteGCGratio,0.6752946424852667,0.6752946424852667
pvoteTD,pvoteG,-0.6639927041096138,0.6639927041096138
pvoteTG,pvoteG,0.6639927040264575,0.6639927040264575
pvoteTGratio,pvoteG,0.6639927040226444,0.6639927040226444
pvoteGratio,pvoteTD,-0.6639927039080278,0.6639927039080278
pvoteG,pvoteTDratio,-0.6639927038888899,0.6639927038888899
pvoteGratio,pvoteTG,0.6639927038248713,0.6639927038248713
pvoteTGratio,pvoteGratio,0.663992703821061,0.663992703821061
pvoteGratio,pvoteTDratio,-0.6639927036873043,0.6639927036873043
pindp2022,paind2022,0.6635859165559815,0.6635859165559815
pvoteTGratio,pvoixNUP,0.644907554497205,0.644907554497205
pvoteTGratio,pvoixNUPratio,0.6449075542494267,0.6449075542494267
pvoixNUP,pvoteTG,0.6449075542072109,0.6449075542072109
pvoteTD,pvoixNUP,-0.6449075539822651,0.6449075539822651
pvoteTG,pvoixNUPratio,0.6449075539594293,0.6449075539594293
pvoixNUP,pvoteTDratio,-0.644907553749657,0.644907553749657
pvoixNUPratio,pvoteTD,-0.6449075537344868,0.6449075537344868
pvoixNUPratio,pvoteTDratio,-0.6449075535018836,0.6449075535018836
pouvr2022,pouem2022,0.6444379734411252,0.6444379734411252
pouem2022,paica2022,-0.6350847802474354,0.6350847802474354
pouem2022,pempl2022,0.5992368256120317,0.5992368256120317
pvoteCGratio,pvoteGCGratio,0.5945943967118289,0.5945943967118289
pvoteGCGratio,pvoteCG,0.5945943964278639,0.5945943964278639
pvoteCGratio,pvoteGCG,0.5945943959102749,0.5945943959102749
pvoteGCG,pvoteCG,0.5945943956263016,0.5945943956263016
pvoixLRratio,pvoteDCD,0.5891768333008984,0.5891768333008984
pvoixLR,pvoteDCD,0.58917683326686,0.58917683326686
pvoixLRratio,pvoteDCDratio,0.5891768332353047,0.5891768332353047
pvoteDCDratio,pvoixLR,0.5891768332012641,0.5891768332012641
pvoteDCD,pvoteC,-0.5759994214949733,0.5759994214949733
pvoteCratio,pvoteDCD,-0.5759994212089024,0.5759994212089024
pvoteC,pvoteDCDratio,-0.5759994209608026,0.5759994209608026
pvoteCratio,pvoteDCDratio,-0.575999420674722,0.575999420674722
pvoteGCGratio,pvoixDVGratio,0.5712379610116832,0.5712379610116832
pvoixDVG,pvoteGCGratio,0.5712379609648223,0.5712379609648223
pvoixDVGratio,pvoteGCG,0.5712379603831351,0.5712379603831351
pvoixDVG,pvoteGCG,0.571237960336273,0.571237960336273
ppint2022,pouem2022,-0.5602723249157597,0.5602723249157597
pvoteDCDratio,pvoteG,-0.5475952605108436,0.5475952605108436
pvoteDCDratio,pvoteGratio,-0.5475952604667584,0.5475952604667584
pvoteDCD,pvoteG,-0.5475952602532734,0.5475952602532734
pvoteDCD,pvoteGratio,-0.5475952602091873,0.5475952602091873
pcadr2022,pcapi2022,0.5443646711882858,0.5443646711882858
paica2022,pcadr2022,0.5396600768810517,0.5396600768810517
pvoixNUP,pvoteDCDratio,-0.5318970967405967,0.5318970967405967
pvoteDCDratio,pvoixNUPratio,-0.5318970966211398,0.5318970966211398
pvoteDCD,pvoixNUP,-0.5318970965069737,0.5318970965069737
pvoixNUPratio,pvoteDCD,-0.531897096387518,0.531897096387518
pvoixLRratio,pvoteTG,-0.5302825898650444,0.5302825898650444
pvoixLR,pvoteTG,-0.5302825898326305,0.5302825898326305
pvoteTD,pvoixLRratio,0.530282589716002,0.530282589716002
pvoixLR,pvoteTD,0.5302825896835838,0.5302825896835838
pvoixLRratio,pvoteTDratio,0.5302825896599367,0.5302825896599367
pvoixLR,pvoteTDratio,0.5302825896275336,0.5302825896275336
pvoteTGratio,pvoixLRratio,-0.5302825896141888,0.5302825896141888
pvoixLR,pvoteTGratio,-0.5302825895817861,0.5302825895817861
pvoteC,pvoteCD,-0.5110630105025147,0.5110630105025147
pvoteCDratio,pvoteC,-0.511063010402973,0.511063010402973
pvoteCratio,pvoteCD,-0.5110630100939079,0.5110630100939079
pvoteCDratio,pvoteCratio,-0.5110630099943668,0.5110630099943668
paica2022,pindp2022,0.5104852705512961,0.5104852705512961
revratio2022,capitalratio2022,0.50761866414742,0.50761866414742
pvoixENSratio,pvoteDCD,-0.5067154282103296,0.5067154282103296
pvoteDCD,pvoixENS,-0.5067154281486135,0.5067154281486135
pvoixENSratio,pvoteDCDratio,-0.5067154277694774,0.5067154277694774
pvoixENS,pvoteDCDratio,-0.5067154277077581,0.5067154277077581
pvoteCGratio,pvoteTGratio,0.5055169987478266,0.5055169987478266
pvoteTG,pvoteCGratio,0.5055169985808932,0.5055169985808932
pvoteTGratio,pvoteCG,0.5055169984520769,0.5055169984520769
pvoteCGratio,pvoteTD,-0.5055169984211163,0.5055169984211163
pvoteTG,pvoteCG,0.505516998285145,0.505516998285145
pvoteCGratio,pvoteTDratio,-0.5055169982453493,0.5055169982453493
pvoteCG,pvoteTD,-0.5055169981253707,0.5055169981253707
pvoteCG,pvoteTDratio,-0.5055169979496045,0.5055169979496045
paica2022,pagri2022,0.5035844057018166,0.5035844057018166
pvoteCDratio,pvoteGCG,-0.4803054789186307,0.4803054789186307
pvoteGCGratio,pvoteCDratio,-0.4803054787643233,0.4803054787643233
pvoteGCG,pvoteCD,-0.48030547875295104,0.48030547875295104
pvoteGCGratio,pvoteCD,-0.48030547859865036,0.48030547859865036
prixm2ratio2022,revratio2022,0.4742367194977401,0.4742367194977401
part_francais,peretr2022,-0.4735997430286036,0.4735997430286036
pvoteTGratio,pvoixDVGratio,0.4699880032625031,0.4699880032625031
pvoixDVG,pvoteTGratio,0.46998800322305007,0.46998800322305007
pvoteTG,pvoixDVGratio,0.46998800283734454,0.46998800283734454
pvoixDVG,pvoteTG,0.46998800279789316,0.46998800279789316
pvoixDVGratio,pvoteTD,-0.4699880026933735,0.4699880026933735
pvoixDVG,pvoteTD,-0.46998800265391794,0.46998800265391794
pvoixDVGratio,pvoteTDratio,-0.4699880026138912,0.4699880026138912
pvoixDVG,pvoteTDratio,-0.4699880025744418,0.4699880025744418
pvoteD,pvoteTDratio,0.46981301870854,0.46981301870854
pvoteTD,pvoteD,0.46981301806368153,0.46981301806368153
pvoteDratio,pvoteTDratio,0.4698130179225254,0.4698130179225254
pvoteTG,pvoteD,-0.4698130176957431,0.4698130176957431
pvoteDratio,pvoteTD,0.4698130172776661,0.4698130172776661
pvoteD,pvoteTGratio,-0.4698130171901612,0.4698130171901612
pvoteTG,pvoteDratio,-0.46981301690972427,0.46981301690972427
pvoteTGratio,pvoteDratio,-0.46981301640414563,0.46981301640414563
pouvr2022,pcapi2022,-0.4695032943912983,0.4695032943912983
pvoteTDratio,pvoixRNratio,0.46441705021583723,0.46441705021583723
pvoixRNratio,pvoteTD,0.4644170498228205,0.4644170498228205
pvoixRN,pvoteTDratio,0.46441704976682635,0.46441704976682635
pvoixRNratio,pvoteTG,-0.46441704975552156,0.46441704975552156
pvoixRN,pvoteTD,0.46441704937381634,0.46441704937381634
pvoixRN,pvoteTG,-0.4644170493065208,0.4644170493065208
pvoixRNratio,pvoteTGratio,-0.4644170492645238,0.4644170492645238
pvoteTGratio,pvoixRN,-0.46441704881552565,0.46441704881552565
pvoteDCDratio,pvoixRNratio,0.45682106019880375,0.45682106019880375
pvoteDCDratio,pvoixRN,0.45682105963411856,0.45682105963411856
pvoteDCD,pvoixRNratio,0.45682105945266427,0.45682105945266427
pvoixRN,pvoteDCD,0.45682105888798485,0.45682105888798485
pvoteDCDratio,pvoteD,0.4561241093322027,0.4561241093322027
pvoteDCDratio,pvoteDratio,0.45612410878888904,0.45612410878888904
pvoteD,pvoteDCD,0.4561241086564428,0.4561241086564428
pvoteDCD,pvoteDratio,0.45612410811313986,0.45612410811313986
pvoteCD,pvoixENSratio,-0.44874443617050574,0.44874443617050574
pvoixENSratio,pvoteCDratio,-0.4487444360584147,0.4487444360584147
pvoteCD,pvoixENS,-0.44874443602239333,0.44874443602239333
pvoixENS,pvoteCDratio,-0.44874443591030394,0.44874443591030394
part_francais,perimmigre2022,-0.44700891180431407,0.44700891180431407
psup2022,pcapi2022,0.440540405865582,0.440540405865582
part_francais,part_etranger,-0.4385366005426004,0.4385366005426004
perpropri2022,perrsa2021,-0.4385003339855049,0.4385003339855049
pouem2022,paind2022,-0.4258194613245581,0.4258194613245581
pvoixDVDratio,pvoteCD,0.4231617515337611,0.4231617515337611
pvoixDVD,pvoteCD,0.4231617515113463,0.4231617515113463
pvoixDVDratio,pvoteCDratio,0.4231617510499837,0.4231617510499837
pvoteCDratio,pvoixDVD,0.4231617510275657,0.4231617510275657
pempl2022,pcapi2022,-0.4215844599315604,0.4215844599315604
paica2022,pouvr2022,-0.41410550883266845,0.41410550883266845
pvoteD,pvoteGCG,-0.4091433683844437,0.4091433683844437
pvoteGCGratio,pvoteD,-0.40914336807053314,0.40914336807053314
pvoteGCG,pvoteDratio,-0.40914336743474783,0.40914336743474783
pvoteDratio,pvoteGCGratio,-0.40914336712084226,0.40914336712084226
pcadr2022,pouem2022,-0.39856206082300444,0.39856206082300444
pvoixRNratio,pvoteGCG,-0.39728333189594206,0.39728333189594206
pvoteGCGratio,pvoixRNratio,-0.39728333181650544,0.39728333181650544
pvoixRN,pvoteGCG,-0.39728333166026225,0.39728333166026225
pvoteGCGratio,pvoixRN,-0.3972833315808237,0.3972833315808237
pvoteC,pvoixLRratio,-0.3935467284938389,0.3935467284938389
pvoteC,pvoixLR,-0.3935467284753135,0.3935467284753135
pvoixLRratio,pvoteCratio,-0.39354672836047017,0.39354672836047017
pvoteCratio,pvoixLR,-0.3935467283419404,0.3935467283419404
pparratio,communeavececole,-0.3766637583783535,0.3766637583783535
communeavececole,pabs,0.3766637485167247,0.3766637485167247
paica2022,pempl2022,-0.37550643737931977,0.37550643737931977
pvoixLRratio,pvoteGCG,-0.37211358261204386,0.37211358261204386
pvoteGCG,pvoixLR,-0.3721135825869218,0.3721135825869218
pvoixLRratio,pvoteGCGratio,-0.3721135824126012,0.3721135824126012
pvoteGCGratio,pvoixLR,-0.37211358238747805,0.37211358238747805
psup2022,pouem2022,-0.36955381950771266,0.36955381950771266
pvoteCGratio,pvoteDCDratio,-0.36283976791532324,0.36283976791532324
pvoteCG,pvoteDCDratio,-0.3628397676500979,0.3628397676500979
pvoteDCD,pvoteCGratio,-0.36283976757254727,0.36283976757254727
pvoteDCD,pvoteCG,-0.36283976730731865,0.36283976730731865
pvoteCDratio,pvoteGratio,-0.3590711353681472,0.3590711353681472
pvoteG,pvoteCDratio,-0.35907113524966583,0.35907113524966583
pvoteCD,pvoteGratio,-0.35907113519093864,0.35907113519093864
pvoteG,pvoteCD,-0.3590711350724606,0.3590711350724606
pcadr2022,psup2022,0.35906520254971114,0.35906520254971114
pbac2022,pcapi2022,0.35867394517665246,0.35867394517665246
pouvr2022,ppint2022,-0.3558784771293163,0.3558784771293163
pvoteCratio,pvoixUDI,0.35340932232468353,0.35340932232468353
pvoteCratio,pvoixUDIratio,0.3534093222231647,0.3534093222231647
pvoixUDI,pvoteC,0.3534093216074602,0.3534093216074602
pvoixUDIratio,pvoteC,0.35340932150593884,0.35340932150593884
pvoteCDratio,pvoixNUPratio,-0.34579345579553494,0.34579345579553494
pvoixNUPratio,pvoteCD,-0.3457934556818547,0.3457934556818547
pvoixNUP,pvoteCDratio,-0.3457934555427987,0.3457934555427987
pvoteCD,pvoixNUP,-0.34579345542912,0.34579345542912
pempl2022,ppint2022,-0.34116150105642745,0.34116150105642745
pvoixDVD,pvoteDCD,0.3382982558453766,0.3382982558453766
pvoixDVDratio,pvoteDCD,0.33829825574204775,0.33829825574204775
pvoixDVD,pvoteDCDratio,0.33829825517440204,0.33829825517440204
pvoteDCDratio,pvoixDVDratio,0.338298255071073,0.338298255071073
pvoteG,pvoteD,-0.3303631136621591,0.3303631136621591
pvoteGratio,pvoteD,-0.33036311343276753,0.33036311343276753
pvoteDratio,pvoteG,-0.3303631127022552,0.3303631127022552
pvoteDratio,pvoteGratio,-0.33036311247286576,0.33036311247286576
pouem2022,pbac2022,-0.32862309704073484,0.32862309704073484
pcapi2022,paind2022,-0.3257004174108254,0.3257004174108254
pvoteD,pvoixNUP,-0.3249982835811797,0.3249982835811797
pvoteD,pvoixNUPratio,-0.324998283053593,0.324998283053593
pvoixNUP,pvoteDratio,-0.32499828269322534,0.32499828269322534
pvoteDratio,pvoixNUPratio,-0.32499828216563803,0.32499828216563803
pvoixDVGratio,pvoteDCDratio,-0.3220591432650926,0.3220591432650926
pvoteDCDratio,pvoixDVG,-0.32205914323716506,0.32205914323716506
pvoixDVGratio,pvoteDCD,-0.32205914285912646,0.32205914285912646
pvoteDCD,pvoixDVG,-0.32205914283119447,0.32205914283119447
pvoixENSratio,pvoixLR,-0.3131342948240221,0.3131342948240221
pvoixLRratio,pvoixENSratio,-0.31313429477942445,0.31313429477942445
pvoixLR,pvoixENS,-0.31313429469681126,0.31313429469681126
pvoixENS,pvoixLRratio,-0.31313429465221365,0.31313429465221365
perpropri2022,pop2022,-0.30853957925663567,0.30853957925663567
pvoteG,pvoixRNratio,-0.30664510032439746,0.30664510032439746
pvoixRN,pvoteG,-0.3066451002881236,0.3066451002881236
pvoixRNratio,pvoteGratio,-0.3066451000745797,0.3066451000745797
pvoixRN,pvoteGratio,-0.3066451000383086,0.3066451000383086
peretr2022,perpropri2022,-0.30597551630599207,0.30597551630599207
pvoteTGratio,pvoixDVD,-0.30581049460656623,0.30581049460656623
pvoixDVDratio,pvoteTGratio,-0.305810494529573,0.305810494529573
pvoteTG,pvoixDVD,-0.305810494076065,0.305810494076065
pvoixDVD,pvoteTD,0.30581049400564747,0.30581049400564747
pvoteTG,pvoixDVDratio,-0.3058104939990726,0.3058104939990726
pvoixDVDratio,pvoteTD,0.3058104939286551,0.3058104939286551
pvoteTDratio,pvoixDVD,0.3058104937481177,0.3058104937481177
pvoteTDratio,pvoixDVDratio,0.3058104936711225,0.3058104936711225
pindp2022,pouem2022,-0.3047326020637417,0.3047326020637417
pouvr2022,psup2022,-0.3009686942381755,0.3009686942381755
perimmigre2022,perpropri2022,-0.2977510484447211,0.2977510484447211
communeavececole,percrimesdelits2020,-0.2929624837336704,0.2929624837336704
capitalratio2022,psup2022,0.2922459306030332,0.2922459306030332
pvoixNUP,pvoixRNratio,-0.28842729103415576,0.28842729103415576
pvoixRN,pvoixNUP,-0.28842729093744357,0.28842729093744357
pvoixRNratio,pvoixNUPratio,-0.28842729054966015,0.28842729054966015
pvoixNUPratio,pvoixRN,-0.28842729045294535,0.28842729045294535
pouvr2022,pbac2022,-0.2877971542128426,0.2877971542128426
perpropri2022,nmencomp,-0.2846478087856803,0.2846478087856803
ppint2022,paica2022,-0.2840001888544987,0.2840001888544987
pouem2022,pagri2022,-0.27885378136597117,0.27885378136597117
pouvr2022,pcadr2022,-0.2762686639259113,0.2762686639259113
pvoixREC,pvoteDratio,0.2735825944150168,0.2735825944150168
pvoixRECratio,pvoteDratio,0.2735825942088515,0.2735825942088515
pvoteD,pvoixREC,0.2735825933583137,0.2735825933583137
pvoteD,pvoixRECratio,0.27358259315215044,0.27358259315215044
pvoixRN,pparratio,-0.27240291294493296,0.27240291294493296
pvoixRNratio,pparratio,-0.2724029118942559,0.2724029118942559
pabs,pvoixRN,0.2724029113789335,0.2724029113789335
pabs,pvoixRNratio,0.2724029103282582,0.2724029103282582
prixm2ratio2022,psup2022,0.2714421424043283,0.2714421424043283
pparratio,pvoteD,-0.26915252709261916,0.26915252709261916
pvoteDratio,pparratio,-0.2691525269452287,0.2691525269452287
pvoteD,pabs,0.2691525254670129,0.2691525254670129
pabs,pvoteDratio,0.26915252531962286,0.26915252531962286
pcadr2022,pbac2022,0.26678535405425585,0.26678535405425585
ppint2022,paind2022,-0.265655519878308,0.265655519878308
perrsa2021,peretr2022,0.2654812907022183,0.2654812907022183
paind2022,pempl2022,-0.26546671553709805,0.26546671553709805
paind2022,pouvr2022,-0.2645762964559035,0.2645762964559035
pcadr2022,capitalratio2022,0.2642072446557549,0.2642072446557549
prixm2ratio2022,communeavececole,0.2628205977455763,0.2628205977455763
communeavececole,perpropri2022,-0.26245239354790306,0.26245239354790306
ppint2022,psup2022,0.2609597400148398,0.2609597400148398
part_etranger,perpropri2022,-0.25979556483156524,0.25979556483156524
pvoteC,pvoteTDratio,-0.25914761800476355,0.25914761800476355
pvoteTDratio,pvoteCratio,-0.25914761766675865,0.25914761766675865
pvoteC,pvoteTD,-0.2591476172890345,0.2591476172890345
pvoteC,pvoteTG,0.25914761717601464,0.25914761717601464
pvoteCratio,pvoteTD,-0.2591476169510299,0.2591476169510299
pvoteC,pvoteTGratio,0.25914761690055865,0.25914761690055865
pvoteCratio,pvoteTG,0.25914761683800863,0.25914761683800863
pvoteTGratio,pvoteCratio,0.2591476165625548,0.2591476165625548
pvoteCGratio,pvoteCDratio,-0.2575065047054273,0.2575065047054273
pvoteCD,pvoteCGratio,-0.257506504676281,0.257506504676281
pvoteCG,pvoteCDratio,-0.2575065046243674,0.2575065046243674
pvoteCG,pvoteCD,-0.25750650459521784,0.25750650459521784
prixm2ratio2022,perpropri2022,-0.2569100987189654,0.2569100987189654
revratio2022,pcadr2022,0.25547408726684867,0.25547408726684867
capitalratio2022,pcapi2022,0.25412883160754085,0.25412883160754085
pvoixLRratio,pvoteG,-0.2518356814636877,0.2518356814636877
pvoteG,pvoixLR,-0.25183568139109863,0.25183568139109863
pvoteGratio,pvoixLRratio,-0.25183568136905726,0.25183568136905726
pvoixLR,pvoteGratio,-0.2518356812964693,0.2518356812964693
pvoixENS,revratio2022,0.2517224196850975,0.2517224196850975
revratio2022,pvoixENSratio,0.25172241815933705,0.25172241815933705
pcapi2022,pagri2022,-0.25135765113451786,0.25135765113451786
revratio2022,psup2022,0.24406040555499225,0.24406040555499225
pbac2022,capitalratio2022,0.24399368192836646,0.24399368192836646
prixm2ratio2022,pcadr2022,0.24263195663505288,0.24263195663505288
pvoteCratio,revratio2022,0.24147548274703665,0.24147548274703665
revratio2022,pvoteC,0.24147548264085708,0.24147548264085708
perrsa2021,perimmigre2022,0.24097534784761665,0.24097534784761665
pvoixENS,capitalratio2022,0.23870484556397908,0.23870484556397908
capitalratio2022,pvoixENSratio,0.23870484499666475,0.23870484499666475
pcapi2022,revratio2022,0.23844802031534662,0.23844802031534662
pvoteCratio,capitalratio2022,0.23740449238426098,0.23740449238426098
pvoteC,capitalratio2022,0.23740449227253466,0.23740449227253466
peretr2022,pvoteTG,0.23737879731419262,0.23737879731419262
peretr2022,pvoteTD,-0.23737879683660074,0.23737879683660074
peretr2022,pvoteTGratio,0.23737879681328455,0.23737879681328455
peretr2022,pvoteTDratio,-0.23737879643181498,0.23737879643181498
pvoteTG,perimmigre2022,0.23569552656702916,0.23569552656702916
perimmigre2022,pvoteTGratio,0.23569552617597822,0.23569552617597822
perimmigre2022,pvoteTDratio,-0.2356955261018532,0.2356955261018532
pvoteTD,perimmigre2022,-0.2356955259896383,0.2356955259896383
pblancnulratio,pparratio,0.2348336868501072,0.2348336868501072
pblancnulratio,pabs,-0.23483368381206912,0.23483368381206912
pvoixDVD,pvoixLRratio,-0.234655901088581,0.234655901088581
pvoixLRratio,pvoixDVDratio,-0.23465590107818568,0.23465590107818568
pvoixDVD,pvoixLR,-0.234655901049658,0.234655901049658
pvoixDVDratio,pvoixLR,-0.2346559010392613,0.2346559010392613
pvoixECO,capitalratio2022,0.2345456433527135,0.2345456433527135
capitalratio2022,pvoixECOratio,0.23454564279363393,0.23454564279363393
prixm2ratio2022,perimmigre2022,0.2336030289976961,0.2336030289976961
capitalratio2022,communeavececole,0.23342360161130515,0.23342360161130515
prixm2ratio2022,pcapi2022,0.23226499944757348,0.23226499944757348
ppint2022,pbac2022,0.23113492396986096,0.23113492396986096
pvoixLR,pvoteCG,-0.2289829025008647,0.2289829025008647
pvoixLR,pvoteCGratio,-0.22898290249486272,0.22898290249486272
pvoteCG,pvoixLRratio,-0.22898290245413178,0.22898290245413178
pvoixLRratio,pvoteCGratio,-0.2289829024481315,0.2289829024481315
pvoteGCGratio,peretr2022,0.22864024101935368,0.22864024101935368
peretr2022,pvoteGCG,0.2286402408621,0.2286402408621
communeavececole,perrsa2021,0.22806820305812125,0.22806820305812125
pvoteCD,pvoteDratio,-0.22769078858053246,0.22769078858053246
pvoteCDratio,pvoteDratio,-0.2276907884806861,0.2276907884806861
pvoteD,pvoteCD,-0.22769078798605608,0.22769078798605608
pvoteD,pvoteCDratio,-0.22769078788620636,0.22769078788620636
prixm2ratio2022,pvoixECO,0.2269541506366712,0.2269541506366712
prixm2ratio2022,pvoixECOratio,0.22695415005225508,0.22695415005225508
pparratio,perrsa2021,-0.22616988524058845,0.22616988524058845
pabs,perrsa2021,0.22616988377527736,0.22616988377527736
perimmigre2022,pvoteGCGratio,0.22601173483887418,0.22601173483887418
perimmigre2022,pvoteGCG,0.2260117346494849,0.2260117346494849
pouvr2022,pempl2022,-0.2259915454468522,0.2259915454468522
pvoixLRratio,pvoixNUP,-0.224748638956204,0.224748638956204
pvoixLRratio,pvoixNUPratio,-0.22474863891607447,0.22474863891607447
pvoixNUP,pvoixLR,-0.22474863888544191,0.22474863888544191
pvoixNUPratio,pvoixLR,-0.22474863884530796,0.22474863884530796
prixm2ratio2022,pvoixENS,0.22378433731295944,0.22378433731295944
prixm2ratio2022,pvoixENSratio,0.2237843369133381,0.2237843369133381
pvoixDVD,pvoteC,-0.2228170422883391,0.2228170422883391
pvoteC,pvoixDVDratio,-0.2228170421813481,0.2228170421813481
pvoixDVD,pvoteCratio,-0.22281704186411258,0.22281704186411258
pvoteCratio,pvoixDVDratio,-0.22281704175711903,0.22281704175711903
pvoixDVD,pvoixENSratio,-0.22242185376086754,0.22242185376086754
pvoixDVD,pvoixENS,-0.22242185373066498,0.22242185373066498
pvoixENSratio,pvoixDVDratio,-0.22242185370746856,0.22242185370746856
pvoixENS,pvoixDVDratio,-0.22242185367726544,0.22242185367726544
pvoteC,prixm2ratio2022,0.22201276695273536,0.22201276695273536
pvoteCratio,prixm2ratio2022,0.22201276690651733,0.22201276690651733
pvoixENSratio,pvoteTDratio,-0.22164960088475,0.22164960088475
pvoteTDratio,pvoixENS,-0.22164960083769916,0.22164960083769916
pvoixENSratio,pvoteTGratio,0.22164960028149572,0.22164960028149572
pvoixENS,pvoteTGratio,0.22164960023444696,0.22164960023444696
pvoteTG,pvoixENSratio,0.22164960011438228,0.22164960011438228
pvoixENS,pvoteTG,0.22164960006733414,0.22164960006733414
pvoixENSratio,pvoteTD,-0.22164959973956547,0.22164959973956547
pvoteTD,pvoixENS,-0.22164959969251768,0.22164959969251768
prixm2ratio2022,pbac2022,0.2212604154599301,0.2212604154599301
pvoixREGratio,pvoixRNratio,-0.22107430514203621,0.22107430514203621
pvoixRNratio,pvoixREG,-0.22107430508182144,0.22107430508182144
pvoixRN,pvoixREGratio,-0.2210743049612362,0.2210743049612362
pvoixRN,pvoixREG,-0.2210743049010188,0.2210743049010188
pabs,perpropri2022,-0.2206858299916117,0.2206858299916117
pparratio,perpropri2022,0.22068582940862663,0.22068582940862663
nmencomp,perrsa2021,0.22033003641084886,0.22033003641084886
prixm2ratio2022,pvoteDCDratio,-0.2199614107556028,0.2199614107556028
pvoteDCD,prixm2ratio2022,-0.21996141071631298,0.21996141071631298
Parti_score,pvoteCD,0.21859931975617394,0.21859931975617394
pvoteCDratio,Parti_score,0.21859931930225684,0.21859931930225684
pcadr2022,pempl2022,-0.21850078073137771,0.21850078073137771
pvoteCD,pvoixDVG,-0.21842658435356088,0.21842658435356088
pvoteCDratio,pvoixDVG,-0.21842658428104939,0.21842658428104939
pvoteCD,pvoixDVGratio,-0.21842658423049188,0.21842658423049188
pvoteCDratio,pvoixDVGratio,-0.2184265841579821,0.2184265841579821
pvoixDVD,pvoteGCGratio,-0.2163763193862196,0.2163763193862196
pvoteGCGratio,pvoixDVDratio,-0.2163763193536437,0.2163763193536437
pvoixDVD,pvoteGCG,-0.21637631932708332,0.21637631932708332
pvoixDVDratio,pvoteGCG,-0.21637631929450488,0.21637631929450488
part_etranger,perrsa2021,0.21615923772698495,0.21615923772698495
pagri2022,communeavececole,-0.21577777515732896,0.21577777515732896
pvoixRNratio,prixm2ratio2022,-0.21394046897718108,0.21394046897718108
pvoixRN,prixm2ratio2022,-0.21394046839215128,0.21394046839215128
paind2022,pparratio,0.21301439323120405,0.21301439323120405
pabs,paind2022,-0.2130143878811731,0.2130143878811731
pvoixDVGratio,pvoteCratio,-0.21230406213740313,0.21230406213740313
pvoteCratio,pvoixDVG,-0.21230406212209982,0.21230406212209982
pvoixDVGratio,pvoteC,-0.21230406193203002,0.21230406193203002
pvoteC,pvoixDVG,-0.2123040619167256,0.2123040619167256
peretr2022,pvoteDCD,-0.2122934606360686,0.2122934606360686
peretr2022,pvoteDCDratio,-0.2122934603259046,0.2122934603259046
pvoteDCD,perimmigre2022,-0.21162291126455893,0.21162291126455893
pvoteDCDratio,perimmigre2022,-0.2116229110162313,0.2116229110162313
Parti_score,pvoixREC,-0.2078873029088705,0.2078873029088705
pvoixRECratio,Parti_score,-0.20788730274633901,0.20788730274633901
perrsa2021,pop2022,0.20783202588869248,0.20783202588869248
pouvr2022,pindp2022,-0.20577009861435347,0.20577009861435347
pparratio,paica2022,0.2030823015611769,0.2030823015611769
paica2022,pabs,-0.20308229786560056,0.20308229786560056
pvoteCGratio,pvoixRNratio,-0.20221068676841752,0.20221068676841752
pvoteCG,pvoixRNratio,-0.20221068654673544,0.20221068654673544
pvoixRN,pvoteCGratio,-0.20221068648552715,0.20221068648552715
pvoteCG,pvoixRN,-0.20221068626384459,0.20221068626384459
pvoixDVGratio,pvoixENS,-0.2012627104026441,0.2012627104026441
pvoixENS,pvoixDVG,-0.20126271037785262,0.20126271037785262
pvoixDVGratio,pvoixENSratio,-0.20126270979823752,0.20126270979823752
pvoixENSratio,pvoixDVG,-0.20126270977344687,0.20126270977344687
pvoixUDI,pvoteDCD,-0.20112209393010602,0.20112209393010602
pvoixUDIratio,pvoteDCD,-0.2011220939270706,0.2011220939270706
pvoteDCDratio,pvoixUDI,-0.2011220936565057,0.2011220936565057
pvoixUDIratio,pvoteDCDratio,-0.2011220936534732,0.2011220936534732
communeavececole,paind2022,-0.19993316619549703,0.19993316619549703
pvoteDCD,capitalratio2022,-0.1993521089217489,0.1993521089217489
pvoteDCDratio,capitalratio2022,-0.19935210877943796,0.19935210877943796
communeavececole,Bloc_Score,-0.19888000614355114,0.19888000614355114
pvoteCD,pvoixUDIratio,-0.19808479706370655,0.19808479706370655
pvoixUDIratio,pvoteCDratio,-0.19808479698746292,0.19808479698746292
pvoixUDI,pvoteCD,-0.1980847969526885,0.1980847969526885
pvoteCDratio,pvoixUDI,-0.1980847968764471,0.1980847968764471
Parti_score,communeavececole,-0.19733783465256563,0.19733783465256563
prixm2ratio2022,peretr2022,0.1967857026570987,0.1967857026570987
revratio2022,part_francais,-0.1960335456023732,0.1960335456023732
pvoixRN,pvoteCD,-0.19533798098974087,0.19533798098974087
pvoteCDratio,pvoixRN,-0.19533798078286393,0.19533798078286393
pvoteCD,pvoixRNratio,-0.19533798039487787,0.19533798039487787
pvoixRNratio,pvoteCDratio,-0.19533798018800072,0.19533798018800072
pagri2022,ppint2022,-0.19386747741034,0.19386747741034
pindp2022,pcapi2022,-0.19296925099047943,0.19296925099047943
pparratio,pagri2022,0.19228859084347713,0.19228859084347713
pagri2022,pabs,-0.1922885865010649,0.1922885865010649
revratio2022,pbac2022,0.19226550987528632,0.19226550987528632
pvoteD,pvoteCGratio,-0.19195419401358207,0.19195419401358207
pvoteCGratio,pvoteDratio,-0.1919541937840251,0.1919541937840251
pvoteD,pvoteCG,-0.19195419372580827,0.19195419372580827
pvoteDratio,pvoteCG,-0.1919541934962493,0.1919541934962493
part_etranger,pvoteTG,0.19017831970776666,0.19017831970776666
pvoteTGratio,part_etranger,0.19017831930204207,0.19017831930204207
part_etranger,pvoteTD,-0.19017831848352484,0.19017831848352484
pvoteTDratio,part_etranger,-0.19017831785139536,0.19017831785139536
pempl2022,pagri2022,-0.19016808729172,0.19016808729172
psup2022,pvoixRN,-0.18991723519704248,0.18991723519704248
psup2022,pvoixRNratio,-0.18991723496015062,0.18991723496015062
pvoteGCGratio,part_etranger,0.1881529357539419,0.1881529357539419
part_etranger,pvoteGCG,0.18815293522292112,0.18815293522292112
Bloc_Score,pvoteCD,0.18800607860810725,0.18800607860810725
Bloc_Score,pvoteCDratio,0.18800607808373598,0.18800607808373598
perpropri2022,pinsratio,0.18776394642102104,0.18776394642102104
pvoteCG,pvoixENS,-0.18614466149441045,0.18614466149441045
pvoteCGratio,pvoixENS,-0.18614466140279048,0.18614466140279048
pvoixENSratio,pvoteCG,-0.18614466103617794,0.18614466103617794
pvoteCGratio,pvoixENSratio,-0.1861446609445591,0.1861446609445591
pop2022,prixm2ratio2022,0.18527155811417892,0.18527155811417892
pvoixRNratio,capitalratio2022,-0.1844152330216729,0.1844152330216729
capitalratio2022,pvoixRN,-0.1844152324806473,0.1844152324806473
psup2022,paica2022,0.18436267659407385,0.18436267659407385
pvoteD,pvoixDVGratio,-0.1843292052074791,0.1843292052074791
pvoixDVGratio,pvoteDratio,-0.18432920513947287,0.18432920513947287
pvoteD,pvoixDVG,-0.18432920499609104,0.18432920499609104
pvoixDVG,pvoteDratio,-0.18432920492808527,0.18432920492808527
pvoteGratio,pvoixDVD,-0.18406588307076358,0.18406588307076358
pvoixDVDratio,pvoteGratio,-0.18406588302326535,0.18406588302326535
pvoixDVD,pvoteG,-0.18406588283439615,0.18406588283439615
pvoteG,pvoixDVDratio,-0.18406588278689795,0.18406588278689795
pvoixNUPratio,pvoixDVD,-0.18402449019495706,0.18402449019495706
pvoixDVDratio,pvoixNUPratio,-0.18402449016720393,0.18402449016720393
pvoixDVD,pvoixNUP,-0.18402448973591845,0.18402448973591845
pvoixNUP,pvoixDVDratio,-0.1840244897081679,0.1840244897081679
pvoixLRratio,pvoixUDIratio,-0.18300279294963456,0.18300279294963456
pvoixLRratio,pvoixUDI,-0.1830027928469997,0.1830027928469997
pvoixUDIratio,pvoixLR,-0.18300279281065027,0.18300279281065027
pvoixUDI,pvoixLR,-0.18300279270801711,0.18300279270801711
perimmigre2022,capitalratio2022,0.1829422806237136,0.1829422806237136
pvoteCratio,pvoteCG,-0.18227551932272637,0.18227551932272637
pvoteCratio,pvoteCGratio,-0.1822755192808924,0.1822755192808924
pvoteCG,pvoteC,-0.18227551892868574,0.18227551892868574
pvoteC,pvoteCGratio,-0.18227551888685087,0.18227551888685087
pvoteDCD,Bloc_Score,0.1814008756981054,0.1814008756981054
pvoteDCDratio,Bloc_Score,0.18140087496046198,0.18140087496046198
pvoteDratio,pvoixLR,-0.18111035020334648,0.18111035020334648
pvoixLRratio,pvoteDratio,-0.18111035011683313,0.18111035011683313
pvoixLR,pvoteD,-0.18111034967579043,0.18111034967579043
pvoteD,pvoixLRratio,-0.1811103495892758,0.1811103495892758
pvoteDCD,psup2022,-0.17977768921262455,0.17977768921262455
pvoteDCDratio,psup2022,-0.17977768893234378,0.17977768893234378
nmencomp,prixm2ratio2022,0.1793999272240827,0.1793999272240827
pvoixRNratio,pvoteCratio,-0.17875331034170247,0.17875331034170247
pvoteC,pvoixRNratio,-0.17875331014090462,0.17875331014090462
pvoteCratio,pvoixRN,-0.1787533098239586,0.1787533098239586
pvoixRN,pvoteC,-0.17875330962316058,0.17875330962316058
revratio2022,communeavececole,0.17846283843754637,0.17846283843754637
pvoixLR,pvoixDVG,-0.1781368102083713,0.1781368102083713
pvoixDVG,pvoixLRratio,-0.17813681018834698,0.17813681018834698
pvoixLR,pvoixDVGratio,-0.17813681003455506,0.17813681003455506
pvoixDVGratio,pvoixLRratio,-0.17813681001452955,0.17813681001452955
pvoteCratio,Parti_score,-0.17742068499801297,0.17742068499801297
pvoteC,Parti_score,-0.1774206844176004,0.1774206844176004
Bloc_Score,pvoixDVDratio,0.17662319896686673,0.17662319896686673
Bloc_Score,pvoixDVD,0.17662319880293084,0.17662319880293084
pvoteCDratio,pvoixECO,-0.17641770822469718,0.17641770822469718
pvoixECOratio,pvoteCDratio,-0.17641770811629867,0.17641770811629867
pvoixECO,pvoteCD,-0.17641770800540474,0.17641770800540474
pvoixECOratio,pvoteCD,-0.1764177078970071,0.1764177078970071
pbac2022,pvoixRN,-0.17632248202516657,0.17632248202516657
pbac2022,pvoixRNratio,-0.17632248175584964,0.17632248175584964
pvoixREGratio,Parti_score,0.17621335986681,0.17621335986681
Parti_score,pvoixREG,0.1762133597491821,0.1762133597491821
pparratio,pvoixDVGratio,0.17615761867059804,0.17615761867059804
pvoixDVG,pparratio,0.1761576184489761,0.1761576184489761
pvoixDVGratio,pabs,-0.17615761646024428,0.17615761646024428
pabs,pvoixDVG,-0.17615761623862078,0.17615761623862078
pvoixNUPratio,pvoteCG,-0.17542615517841656,0.17542615517841656
pvoteCGratio,pvoixNUPratio,-0.17542615482364754,0.17542615482364754
pvoixNUP,pvoteCG,-0.1754261546874171,0.1754261546874171
pvoteCGratio,pvoixNUP,-0.17542615433264844,0.17542615433264844
pvoteG,perrsa2021,0.17478379450312012,0.17478379450312012
perrsa2021,pvoteGratio,0.17478379444761682,0.17478379444761682
Parti_score,pvoixDVDratio,0.17475693276433088,0.17475693276433088
Parti_score,pvoixDVD,0.17475693256570898,0.17475693256570898
pvoteGCGratio,perrsa2021,0.17420575269375432,0.17420575269375432
perrsa2021,pvoteGCG,0.17420575228787358,0.17420575228787358
pvoixRNratio,pvoixDVGratio,-0.17385986574447745,0.17385986574447745
pvoixDVGratio,pvoixRN,-0.17385986558701388,0.17385986558701388
pvoixDVG,pvoixRNratio,-0.1738598655458109,0.1738598655458109
pvoixDVG,pvoixRN,-0.1738598653883471,0.1738598653883471
pvoteCGratio,pvoixECOratio,0.17323902172521483,0.17323902172521483
pvoteCGratio,pvoixECO,0.17323902157269444,0.17323902157269444
pvoteCG,pvoixECOratio,0.17323902090652968,0.17323902090652968
pvoixECO,pvoteCG,0.17323902075401,0.17323902075401
pempl2022,pindp2022,-0.1727771741545146,0.1727771741545146
perrsa2021,pvoixNUPratio,0.17209051924849503,0.17209051924849503
pvoixNUP,perrsa2021,0.17209051863493613,0.17209051863493613
Parti_score,pvoixECOratio,-0.1715409208291521,0.1715409208291521
pvoixECO,Parti_score,-0.17154092081773747,0.17154092081773747
pvoixRNratio,peretr2022,-0.17136225094051444,0.17136225094051444
peretr2022,pvoixRN,-0.17136225058920887,0.17136225058920887
pvoixENSratio,Bloc_Score,-0.16988828188756458,0.16988828188756458
pvoixENS,Bloc_Score,-0.16988828161957692,0.16988828161957692
ppint2022,pindp2022,-0.1691443465097037,0.1691443465097037
pvoteDratio,psup2022,-0.16685225457704864,0.16685225457704864
pvoteD,psup2022,-0.16685225413081023,0.16685225413081023
pvoixNUP,pvoixREGratio,-0.16673367850821658,0.16673367850821658
pvoixREGratio,pvoixNUPratio,-0.16673367847600068,0.16673367847600068
pvoixREG,pvoixNUP,-0.16673367846871934,0.16673367846871934
pvoixNUPratio,pvoixREG,-0.16673367843649997,0.16673367843649997
perimmigre2022,pvoixRNratio,-0.1664346307220867,0.1664346307220867
pvoixRN,perimmigre2022,-0.16643463043509404,0.16643463043509404
pvoteGCG,pparratio,0.16627003891937628,0.16627003891937628
pvoteGCGratio,pparratio,0.1662700385640613,0.1662700385640613
pabs,pvoteGCG,-0.1662700356751451,0.1662700356751451
pabs,pvoteGCGratio,-0.16627003531983117,0.16627003531983117
paind2022,pcadr2022,-0.16594920043817724,0.16594920043817724
pvoteDCD,part_etranger,-0.16591611017482366,0.16591611017482366
pvoteDCDratio,part_etranger,-0.1659161100279161,0.1659161100279161
prixm2ratio2022,pvoteTGratio,0.16568380591773252,0.16568380591773252
prixm2ratio2022,pvoteTDratio,-0.1656838055225834,0.1656838055225834
pvoteTD,prixm2ratio2022,-0.16568380549296433,0.16568380549296433
prixm2ratio2022,pvoteTG,0.16568380505274286,0.16568380505274286
pvoteCratio,pvoteGCGratio,-0.16567994925377344,0.16567994925377344
pvoteGCGratio,pvoteC,-0.1656799489086498,0.1656799489086498
pvoteGCG,pvoteCratio,-0.1656799487637827,0.1656799487637827
pvoteC,pvoteGCG,-0.16567994841865927,0.16567994841865927
paica2022,pbac2022,0.16480282345209296,0.16480282345209296
pagri2022,prixm2ratio2022,-0.16472141159567105,0.16472141159567105
perrsa2021,revratio2022,-0.16465936285518643,0.16465936285518643
pvoteGratio,pvoteCG,-0.1644058647675962,0.1644058647675962
pvoteCGratio,pvoteGratio,-0.16440586441921073,0.16440586441921073
pvoteG,pvoteCG,-0.1644058642755943,0.1644058642755943
pvoteG,pvoteCGratio,-0.16440586392721007,0.16440586392721007
capitalratio2022,pouvr2022,-0.16435774166681238,0.16435774166681238
pvoteCG,pvoixREG,0.16421082019396166,0.16421082019396166
pvoixREGratio,pvoteCG,0.16421082008603638,0.16421082008603638
pvoteCGratio,pvoixREG,0.16421081995830522,0.16421081995830522
pvoixREGratio,pvoteCGratio,0.16421081985038166,0.16421081985038166
prixm2ratio2022,pvoteD,-0.16401478519103285,0.16401478519103285
pvoteDratio,prixm2ratio2022,-0.16401478429779476,0.16401478429779476
pvoteCratio,pvoteDratio,-0.16399468908903622,0.16399468908903622
pvoteC,pvoteDratio,-0.16399468895751257,0.16399468895751257
pvoteD,pvoteCratio,-0.16399468874712717,0.16399468874712717
pvoteC,pvoteD,-0.1639946886156037,0.1639946886156037
pvoteTDratio,psup2022,-0.1631681300473831,0.1631681300473831
psup2022,pvoteTGratio,0.16316812968123565,0.16316812968123565
pvoteTG,psup2022,0.16316812956136734,0.16316812956136734
pvoteTD,psup2022,-0.16316812940907258,0.16316812940907258
Bloc_Score,pvoixECO,-0.16269322334825154,0.16269322334825154
pvoixECOratio,Bloc_Score,-0.16269322331505595,0.16269322331505595
pinsratio,part_francais,0.1626347961131289,0.1626347961131289
Parti_score,pvoixENSratio,-0.16221175586035755,0.16221175586035755
Parti_score,pvoixENS,-0.16221175532187257,0.16221175532187257
revratio2022,pvoixECO,0.16066954193940258,0.16066954193940258
revratio2022,pvoixECOratio,0.16066954149322096,0.16066954149322096
pagri2022,capitalratio2022,-0.16035516637548172,0.16035516637548172
capitalratio2022,pouem2022,-0.16010809300056225,0.16010809300056225
pvoteGratio,pvoixAUG,0.1597705041656253,0.1597705041656253
pvoixAUG,pvoteG,0.15977050404375542,0.15977050404375542
pvoteGratio,pvoixAUGratio,0.15977050397577672,0.15977050397577672
pvoteG,pvoixAUGratio,0.15977050385390643,0.15977050385390643
pvoixENS,communeavececole,0.15963626938501385,0.15963626938501385
pvoixENSratio,communeavececole,0.15963626807526202,0.15963626807526202
prixm2ratio2022,pouvr2022,-0.15903842449991368,0.15903842449991368
pvoteCDratio,perrsa2021,-0.15881750429655556,0.15881750429655556
perrsa2021,pvoteCD,-0.1588175037810937,0.1588175037810937
pvoteGCGratio,pvoixENS,-0.15867063265224057,0.15867063265224057
pvoteGCGratio,pvoixENSratio,-0.15867063263061826,0.15867063263061826
pvoixENS,pvoteGCG,-0.15867063226059516,0.15867063226059516
pvoteGCG,pvoixENSratio,-0.15867063223897448,0.15867063223897448
communeavececole,pvoteDCDratio,-0.15812555905512526,0.15812555905512526
communeavececole,pvoteDCD,-0.15812555877568052,0.15812555877568052
Bloc_Score,pvoteTD,0.1579521091251653,0.1579521091251653
pvoteTG,Bloc_Score,-0.1579521090840436,0.1579521090840436
Bloc_Score,pvoteTGratio,-0.15795210893460335,0.15795210893460335
pvoteTDratio,Bloc_Score,0.15795210885314864,0.15795210885314864
pagri2022,pouvr2022,-0.1576702373266429,0.1576702373266429
part_etranger,prixm2ratio2022,0.15763469963562435,0.15763469963562435
capitalratio2022,pvoixRECratio,0.15733433224751123,0.15733433224751123
pvoixREC,capitalratio2022,0.1573343313057689,0.1573343313057689
pvoteGratio,pvoixDVG,-0.15685653008318187,0.15685653008318187
pvoixDVGratio,pvoteGratio,-0.15685652996105032,0.15685652996105032
pvoixDVG,pvoteG,-0.15685652963363586,0.15685652963363586
pvoixDVGratio,pvoteG,-0.15685652951150353,0.15685652951150353
paica2022,pvoixRNratio,-0.1567641569292062,0.1567641569292062
pvoixRN,paica2022,-0.15676415679755562,0.15676415679755562
communeavececole,pvoteCDratio,-0.1567185472503891,0.1567185472503891
pvoteCD,communeavececole,-0.15671854653503992,0.15671854653503992
pvoteDCD,pbac2022,-0.1565032387635342,0.1565032387635342
pbac2022,pvoteDCDratio,-0.1565032387072257,0.1565032387072257
pempl2022,psup2022,-0.15580607993867476,0.15580607993867476
pouem2022,revratio2022,-0.15553854360977537,0.15553854360977537
pbac2022,pvoteDratio,-0.15522783620822023,0.15522783620822023
pbac2022,pvoteD,-0.15522783610552773,0.15522783610552773
peretr2022,pvoteG,0.15520468305766152,0.15520468305766152
pvoteGratio,peretr2022,0.15520468287496952,0.15520468287496952
pvoteG,perimmigre2022,0.15397434964045398,0.15397434964045398
perimmigre2022,pvoteGratio,0.15397434916824962,0.15397434916824962
pvoteCGratio,pparratio,0.15329017771083825,0.15329017771083825
pparratio,pvoteCG,0.15329017764254413,0.15329017764254413
pabs,pvoteCGratio,-0.15329017557974658,0.15329017557974658
pabs,pvoteCG,-0.15329017551144963,0.15329017551144963
pvoteC,communeavececole,0.15289531389748665,0.15289531389748665
communeavececole,pvoteCratio,0.15289531282926355,0.15289531282926355
pouem2022,pparratio,-0.15276859868234371,0.15276859868234371
pabs,pouem2022,0.15276859791377745,0.15276859791377745
prixm2ratio2022,pvoixRECratio,0.15230188392110866,0.15230188392110866
prixm2ratio2022,pvoixREC,0.15230188283370055,0.15230188283370055
pvoixRECratio,revratio2022,0.15220653384697275,0.15220653384697275
pvoixREC,revratio2022,0.15220653310642238,0.15220653310642238
pvoixECO,pvoteDCD,-0.15217881013747173,0.15217881013747173
pvoixECOratio,pvoteDCD,-0.1521788100140567,0.1521788100140567
pvoteDCDratio,pvoixECO,-0.1521788099231238,0.1521788099231238
pvoixECOratio,pvoteDCDratio,-0.1521788097997074,0.1521788097997074
pvoixDVG,pvoixNUPratio,-0.15162098827090603,0.15162098827090603
pvoixNUPratio,pvoixDVGratio,-0.15162098810008098,0.15162098810008098
pvoixNUP,pvoixDVG,-0.15162098769256194,0.15162098769256194
pvoixNUP,pvoixDVGratio,-0.1516209875217368,0.1516209875217368
pvoixNUP,perimmigre2022,0.15118908798707797,0.15118908798707797
pvoixNUPratio,perimmigre2022,0.15118908791348187,0.15118908791348187
peretr2022,pvoixNUP,0.15096392254703603,0.15096392254703603
pvoixNUPratio,peretr2022,0.15096392224877056,0.15096392224877056
Parti_score,pparratio,0.15055471608529644,0.15055471608529644
pabs,Parti_score,-0.15055471086528588,0.15055471086528588
pvoixREGratio,pvoixLRratio,-0.1490548960751869,0.1490548960751869
pvoixLR,pvoixREGratio,-0.14905489606794306,0.14905489606794306
pvoixLRratio,pvoixREG,-0.14905489606489128,0.14905489606489128
pvoixREG,pvoixLR,-0.14905489605764755,0.14905489605764755
pvoteTG,pbac2022,0.148215427542424,0.148215427542424
pvoteTDratio,pbac2022,-0.14821542728279188,0.14821542728279188
pbac2022,pvoteTGratio,0.14821542725661543,0.14821542725661543
pbac2022,pvoteTD,-0.14821542712876765,0.14821542712876765
part_etranger,pvoixRNratio,-0.14800696656124565,0.14800696656124565
part_etranger,pvoixRN,-0.14800696640091573,0.14800696640091573
capitalratio2022,peretr2022,0.14731471376767916,0.14731471376767916
prixm2ratio2022,pblancnulratio,-0.14729910582626116,0.14729910582626116
pvoixRNratio,revratio2022,-0.14669702684374517,0.14669702684374517
revratio2022,pvoixRN,-0.14669702593265035,0.14669702593265035
perpropri2022,pvoteGratio,-0.14615260256904355,0.14615260256904355
perpropri2022,pvoteG,-0.14615260210637235,0.14615260210637235
perprive2021comm,pvoixRNratio,-0.14594214897823138,0.14594214897823138
perprive2021comm,pvoixRN,-0.14594214860530927,0.14594214860530927
pvoixENS,pvoixRNratio,-0.14550599699969755,0.14550599699969755
pvoixRNratio,pvoixENSratio,-0.14550599687464522,0.14550599687464522
pvoixENS,pvoixRN,-0.14550599667128683,0.14550599667128683
pvoixRN,pvoixENSratio,-0.14550599654623506,0.14550599654623506
pvoixENS,pvoteDratio,-0.14543190005101098,0.14543190005101098
pvoteDratio,pvoixENSratio,-0.1454318999401363,0.1454318999401363
pvoteD,pvoixENS,-0.1454318996226135,0.1454318996226135
pvoixENSratio,pvoteD,-0.14543189951173754,0.14543189951173754
pvoixRNratio,pouem2022,0.14525529780116614,0.14525529780116614
pouem2022,pvoixRN,0.1452552974675347,0.1452552974675347
pvoteD,perprive2021comm,-0.14491619480176393,0.14491619480176393
perprive2021comm,pvoteDratio,-0.14491619480123158,0.14491619480123158
pparratio,pvoteTGratio,0.14461937748929882,0.14461937748929882
pparratio,pvoteTG,0.14461937692779522,0.14461937692779522
pabs,pvoteTGratio,-0.14461937662538205,0.14461937662538205
pabs,pvoteTG,-0.14461937606388164,0.14461937606388164
pparratio,pvoteTD,-0.14461937591943272,0.14461937591943272
pvoteTD,pabs,0.14461937505551944,0.14461937505551944
pvoteTDratio,pparratio,-0.1446193739876466,0.1446193739876466
pabs,pvoteTDratio,0.14461937312373163,0.14461937312373163
communeavececole,pblancnulratio,-0.14414528853281103,0.14414528853281103
pcadr2022,pagri2022,-0.14333278797386978,0.14333278797386978
pvoteTG,pvoixECO,0.14289367922247673,0.14289367922247673
pvoteTG,pvoixECOratio,0.14289367918924617,0.14289367918924617
pvoixECO,pvoteTGratio,0.14289367918321955,0.14289367918321955
pvoixECOratio,pvoteTGratio,0.14289367914998807,0.14289367914998807
pvoteTD,pvoixECO,-0.14289367890545465,0.14289367890545465
pvoteTD,pvoixECOratio,-0.14289367887222434,0.14289367887222434
pvoixECO,pvoteTDratio,-0.14289367867615774,0.14289367867615774
pvoixECOratio,pvoteTDratio,-0.14289367864292643,0.14289367864292643
pvoteDCD,Parti_score,0.14126448079335524,0.14126448079335524
Parti_score,pvoteDCDratio,0.1412644800130839,0.1412644800130839
peretr2022,pvoteCG,0.14015745124738074,0.14015745124738074
peretr2022,pvoteCGratio,0.14015745119168688,0.14015745119168688
pvoixLR,pvoixRN,-0.13974317487492,0.13974317487492
pvoixLRratio,pvoixRN,-0.13974317479870293,0.13974317479870293
pvoixRNratio,pvoixLR,-0.13974317465247396,0.13974317465247396
pvoixRNratio,pvoixLRratio,-0.13974317457625451,0.13974317457625451
perpropri2022,pvoixNUPratio,-0.1397219078188107,0.1397219078188107
pvoixNUP,perpropri2022,-0.1397219072022631,0.1397219072022631
paica2022,pvoteDratio,-0.13953671562601286,0.13953671562601286
pvoteD,paica2022,-0.1395367155321069,0.1395367155321069
perprive2021comm,perpropri2022,-0.13850375630406883,0.13850375630406883
pop2022,perimmigre2022,0.13829433850472433,0.13829433850472433
pvoteCG,perimmigre2022,0.1379264654043946,0.1379264654043946
perimmigre2022,pvoteCGratio,0.13792646525111937,0.13792646525111937
pouem2022,prixm2ratio2022,-0.13777856022782634,0.13777856022782634
peretr2022,pvoteD,-0.13773007887334615,0.13773007887334615
pvoteDratio,peretr2022,-0.13773007874380114,0.13773007874380114
pvoteCD,perimmigre2022,-0.1372458440208026,0.1372458440208026
pvoteCDratio,perimmigre2022,-0.13724584389803546,0.13724584389803546
pvoixECOratio,pvoixLR,-0.13709444157811757,0.13709444157811757
pvoixLR,pvoixECO,-0.13709444150792793,0.13709444150792793
pvoixLRratio,pvoixECOratio,-0.13709444146172411,0.13709444146172411
pvoixLRratio,pvoixECO,-0.13709444139153604,0.13709444139153604
pvoteTD,perrsa2021,-0.13703163411187372,0.13703163411187372
pvoteTDratio,perrsa2021,-0.13703163365201462,0.13703163365201462
pvoteTGratio,perrsa2021,0.13703163220787373,0.13703163220787373
pvoteTG,perrsa2021,0.13703163174399083,0.13703163174399083
pvoteD,capitalratio2022,-0.13630407395636335,0.13630407395636335
pvoteDratio,capitalratio2022,-0.13630407307830114,0.13630407307830114
nmencomp,perimmigre2022,0.13554883767480422,0.13554883767480422
capitalratio2022,pvoteTGratio,0.13548639120467906,0.13548639120467906
pvoteTG,capitalratio2022,0.1354863900419991,0.1354863900419991
capitalratio2022,pvoteTDratio,-0.13548638932350826,0.13548638932350826
capitalratio2022,pvoteTD,-0.13548638924814368,0.13548638924814368
pvoteTDratio,perpropri2022,0.13464110383291167,0.13464110383291167
pvoteTD,perpropri2022,0.13464110379745434,0.13464110379745434
pvoteTGratio,perpropri2022,-0.13464110202060417,0.13464110202060417
perpropri2022,pvoteTG,-0.13464110179480238,0.13464110179480238
Bloc_Score,pvoteCratio,-0.13378312323353048,0.13378312323353048
Bloc_Score,pvoteC,-0.13378312299527426,0.13378312299527426
prixm2ratio2022,part_francais,-0.13345054100475165,0.13345054100475165
pbac2022,pabs,-0.13280843294534975,0.13280843294534975
pbac2022,pparratio,0.13280843060476344,0.13280843060476344
communeavececole,pvoixNUPratio,0.13233810785077316,0.13233810785077316
communeavececole,pvoixNUP,0.13233810715127903,0.13233810715127903
peretr2022,pvoteCD,-0.13218383734575836,0.13218383734575836
peretr2022,pvoteCDratio,-0.13218383715874513,0.13218383715874513
capitalratio2022,pblancnulratio,-0.13049764343381873,0.13049764343381873
pvoteDCD,perpropri2022,0.13045294515440561,0.13045294515440561
pvoteDCDratio,perpropri2022,0.13045294514974812,0.13045294514974812
pop2022,part_etranger,0.13038506980576942,0.13038506980576942
nmencomp,peretr2022,0.1301702229306643,0.1301702229306643
perimmigre2022,pvoteDratio,-0.1297555719175736,0.1297555719175736
perimmigre2022,pvoteD,-0.12975557188288467,0.12975557188288467
revratio2022,pagri2022,-0.12970850830284228,0.12970850830284228
pouem2022,pvoteDratio,0.12965653447532116,0.12965653447532116
pvoteD,pouem2022,0.1296565343169653,0.1296565343169653
part_francais,pvoteTDratio,0.12935563706303865,0.12935563706303865
pvoteTG,part_francais,-0.12935563700905023,0.12935563700905023
pvoteTGratio,part_francais,-0.12935563674905504,0.12935563674905504
pvoteTD,part_francais,0.12935563670265846,0.12935563670265846
communeavececole,paica2022,-0.1291842074920811,0.1291842074920811
communeavececole,pvoteGratio,0.12914699503293847,0.12914699503293847
pvoteG,communeavececole,0.12914699438084837,0.12914699438084837
peretr2022,pop2022,0.12901941910991152,0.12901941910991152
Bloc_Score,capitalratio2022,-0.12863421122257243,0.12863421122257243
perrsa2021,pvoixLR,-0.12819567808439036,0.12819567808439036
pvoixLRratio,perrsa2021,-0.12819567789167233,0.12819567789167233
Bloc_Score,pparratio,0.12662789844603914,0.12662789844603914
Bloc_Score,pabs,-0.12662789198715352,0.12662789198715352
pvoteG,part_etranger,0.125636924376124,0.125636924376124
part_etranger,pvoteGratio,0.12563692411950267,0.12563692411950267
pparratio,percrimesdelits2020,0.12551639243188026,0.12551639243188026
percrimesdelits2020,pabs,-0.12551638750214003,0.12551638750214003
percrimesdelits2020,Bloc_Score,0.12548884220337683,0.12548884220337683
pouvr2022,pvoixRNratio,0.12473710238680441,0.12473710238680441
pouvr2022,pvoixRN,0.12473710200922766,0.12473710200922766
pvoteD,part_etranger,-0.1246346605859022,0.1246346605859022
part_etranger,pvoteDratio,-0.12463466057579795,0.12463466057579795
revratio2022,pouvr2022,-0.12449947815194354,0.12449947815194354
pbac2022,perrsa2021,-0.12440911957859961,0.12440911957859961
part_francais,pvoteGCG,-0.12417601105369115,0.12417601105369115
part_francais,pvoteGCGratio,-0.12417601055994741,0.12417601055994741
pvoteCDratio,pvoixREC,-0.12412279505608276,0.12412279505608276
pvoixRECratio,pvoteCDratio,-0.12412279485503405,0.12412279485503405
pvoixREC,pvoteCD,-0.12412279483068085,0.12412279483068085
pvoteCD,pvoixRECratio,-0.12412279462962969,0.12412279462962969
perprive2021comm,pvoteCratio,0.12397617683932366,0.12397617683932366
pvoteC,perprive2021comm,0.1239761765219008,0.1239761765219008
perpropri2022,part_francais,0.1237274185930808,0.1237274185930808
pvoixRNratio,pcadr2022,-0.12371901286296469,0.12371901286296469
pcadr2022,pvoixRN,-0.12371901230348452,0.12371901230348452
pblancnulratio,revratio2022,-0.12269647576979005,0.12269647576979005
pvoteTDratio,communeavececole,-0.12239962394295165,0.12239962394295165
communeavececole,pvoteTD,-0.12239962171136543,0.12239962171136543
communeavececole,pvoteTG,0.1223996186197446,0.1223996186197446
pvoteTGratio,communeavececole,0.12239961834025874,0.12239961834025874
pparratio,prixm2ratio2022,-0.1223336455436075,0.1223336455436075
prixm2ratio2022,pabs,0.12233364241558356,0.12233364241558356
pvoixNUPratio,part_etranger,0.12081088049982894,0.12081088049982894
part_etranger,pvoixNUP,0.1208108803016907,0.1208108803016907
pvoteCDratio,prixm2ratio2022,-0.12071213412319623,0.12071213412319623
pvoteCD,prixm2ratio2022,-0.12071213344614488,0.12071213344614488
pvoixENS,pcadr2022,0.12032450759592533,0.12032450759592533
pvoixENSratio,pcadr2022,0.12032450737149321,0.12032450737149321
pvoixENS,psup2022,0.12027103404705762,0.12027103404705762
pvoixENSratio,psup2022,0.12027103356072241,0.12027103356072241
capitalratio2022,pvoteCDratio,-0.11900759887233378,0.11900759887233378
pvoteCD,capitalratio2022,-0.11900759848613875,0.11900759848613875
communeavececole,perprive2021comm,-0.11888871035705478,0.11888871035705478
perimmigre2022,pvoixLRratio,-0.11885039194833479,0.11885039194833479
pvoixLR,perimmigre2022,-0.11885039179426146,0.11885039179426146
pvoteDCD,pcadr2022,-0.11871253222745087,0.11871253222745087
pvoteDCDratio,pcadr2022,-0.11871253174688869,0.11871253174688869
pvoixENSratio,pvoixREG,-0.11823588562963545,0.11823588562963545
pvoixENSratio,pvoixREGratio,-0.11823588557686096,0.11823588557686096
pvoixENS,pvoixREG,-0.11823588553820456,0.11823588553820456
pvoixENS,pvoixREGratio,-0.11823588548542716,0.11823588548542716
perprive2021comm,pvoixENS,0.11789991113569831,0.11789991113569831
pvoixENSratio,perprive2021comm,0.11789991098396765,0.11789991098396765
part_etranger,nmencomp,0.11765154799337697,0.11765154799337697
part_etranger,pvoteCG,0.11760458517242699,0.11760458517242699
part_etranger,pvoteCGratio,0.11760458514260931,0.11760458514260931
revratio2022,Parti_score,-0.11758282205677265,0.11758282205677265
pvoteGCGratio,perpropri2022,-0.11755978967040873,0.11755978967040873
perpropri2022,pvoteGCG,-0.11755978886415865,0.11755978886415865
pbac2022,pempl2022,-0.11743982362955292,0.11743982362955292
part_etranger,percrimesdelits2020,0.11726261161643162,0.11726261161643162
Parti_score,percrimesdelits2020,0.1172301371490627,0.1172301371490627
psup2022,pvoteC,0.11680218633858452,0.11680218633858452
pvoteCratio,psup2022,0.11680218632510858,0.11680218632510858
psup2022,pvoteGCG,0.11626028869857614,0.11626028869857614
pvoteGCGratio,psup2022,0.11626028823474983,0.11626028823474983
pvoteDCDratio,part_francais,0.11600438258010072,0.11600438258010072
part_francais,pvoteDCD,0.11600438256365507,0.11600438256365507
peretr2022,pvoixLRratio,-0.11505095820297762,0.11505095820297762
pvoixLR,peretr2022,-0.11505095809409376,0.11505095809409376
pvoteCratio,pcadr2022,0.11450892182602387,0.11450892182602387
pcadr2022,pvoteC,0.11450892153017565,0.11450892153017565
paind2022,prixm2ratio2022,-0.11417773605930048,0.11417773605930048
pbac2022,pvoteGCG,0.11380934395976414,0.11380934395976414
pvoteGCGratio,pbac2022,0.11380934370720601,0.11380934370720601
capitalratio2022,paind2022,-0.11365324104324956,0.11365324104324956
pouem2022,perrsa2021,0.11349023739202682,0.11349023739202682
capitalratio2022,pvoixAUGratio,-0.11282004136487098,0.11282004136487098
pvoixAUG,capitalratio2022,-0.11282004101051371,0.11282004101051371
pvoixENS,pvoixECO,0.11222691248040874,0.11222691248040874
pvoixECOratio,pvoixENS,0.11222691208073378,0.11222691208073378
pvoixECO,pvoixENSratio,0.11222691200443652,0.11222691200443652
pvoixENSratio,pvoixECOratio,0.11222691160476062,0.11222691160476062
Parti_score,capitalratio2022,-0.11219559364952694,0.11219559364952694
capitalratio2022,pop2022,0.11205050702187273,0.11205050702187273
part_francais,capitalratio2022,-0.11185816724110342,0.11185816724110342
perpropri2022,pvoixRNratio,0.11139089897096956,0.11139089897096956
pvoixRN,perpropri2022,0.11139089878789635,0.11139089878789635
pvoteGCG,pvoixRECratio,-0.11098619228302094,0.11098619228302094
pvoteGCG,pvoixREC,-0.11098619212143268,0.11098619212143268
pvoteGCGratio,pvoixRECratio,-0.11098619143943426,0.11098619143943426
pvoixREC,pvoteGCGratio,-0.11098619127784376,0.11098619127784376
pvoixNUPratio,psup2022,0.11036832602004444,0.11036832602004444
pvoixNUP,psup2022,0.11036832557017506,0.11036832557017506
peretr2022,pvoixDVGratio,0.11033577089678528,0.11033577089678528
peretr2022,pvoixDVG,0.11033577089659978,0.11033577089659978
revratio2022,Bloc_Score,-0.11016441504717829,0.11016441504717829
pouvr2022,pvoteDCD,0.10978580222884889,0.10978580222884889
pouvr2022,pvoteDCDratio,0.10978580210407338,0.10978580210407338
pchom2022,pempl2022,0.10977653982817098,0.10977653982817098
capitalratio2022,ppint2022,0.10872238202020137,0.10872238202020137
capitalratio2022,part_etranger,0.10852367612756873,0.10852367612756873
pvoixECOratio,pvoteGCGratio,0.10821646376212024,0.10821646376212024
pvoixECO,pvoteGCGratio,0.10821646368108917,0.10821646368108917
pvoteGCG,pvoixECOratio,0.10821646300834589,0.10821646300834589
pvoixECO,pvoteGCG,0.10821646292731614,0.10821646292731614
pop2022,pinsratio,-0.10810964076392045,0.10810964076392045
Parti_score,pvoixUDIratio,-0.1081057658801763,0.1081057658801763
Parti_score,pvoixUDI,-0.10810576572832226,0.10810576572832226
pvoteD,pcadr2022,-0.10798872356524128,0.10798872356524128
pvoteDratio,pcadr2022,-0.1079887230862164,0.1079887230862164
pvoteGCGratio,revratio2022,-0.1079750354628164,0.1079750354628164
pvoteGCG,revratio2022,-0.10797503519981659,0.10797503519981659
perimmigre2022,pvoixECOratio,0.10774859678747838,0.10774859678747838
pvoixECO,perimmigre2022,0.10774859671194241,0.10774859671194241
pvoteD,revratio2022,-0.10761762240948947,0.10761762240948947
revratio2022,pvoteDratio,-0.10761762171994695,0.10761762171994695
perimmigre2022,pvoixDVGratio,0.10730968879054495,0.10730968879054495
pvoixDVG,perimmigre2022,0.10730968870239274,0.10730968870239274
pouvr2022,pvoteTGratio,-0.10703778136560498,0.10703778136560498
pouvr2022,pvoteTG,-0.10703778062778418,0.10703778062778418
pvoteTD,pouvr2022,0.10703777970615153,0.10703777970615153
pvoteTDratio,pouvr2022,0.10703777923973563,0.10703777923973563
pcapi2022,pvoteDCD,-0.10702116804969417,0.10702116804969417
pcapi2022,pvoteDCDratio,-0.10702116785081262,0.10702116785081262
pvoteDCD,pabs,0.10697899152127557,0.10697899152127557
pabs,pvoteDCDratio,0.10697899146124816,0.10697899146124816
pparratio,pvoteDCD,-0.10697899029448395,0.10697899029448395
pvoteDCDratio,pparratio,-0.1069789902344572,0.1069789902344572
pvoixREGratio,pvoteD,-0.10669944521059606,0.10669944521059606
pvoteD,pvoixREG,-0.10669944515744609,0.10669944515744609
pvoteDratio,pvoixREGratio,-0.10669944433047998,0.10669944433047998
pvoixREG,pvoteDratio,-0.10669944427733041,0.10669944427733041
pcapi2022,pvoixENS,0.10583594946600945,0.10583594946600945
pcapi2022,pvoixENSratio,0.10583594857298587,0.10583594857298587
capitalratio2022,nmencomp,0.10576070070483087,0.10576070070483087
pvoteDratio,pouvr2022,0.1052915259675887,0.1052915259675887
pvoteD,pouvr2022,0.10529152571386297,0.10529152571386297
communeavececole,pvoixDVD,-0.10506288289073008,0.10506288289073008
communeavececole,pvoixDVDratio,-0.10506288250928816,0.10506288250928816
pvoixDVGratio,revratio2022,-0.1049428214647241,0.1049428214647241
pvoixDVG,revratio2022,-0.10494282146242578,0.10494282146242578
perpropri2022,capitalratio2022,-0.10491492913455436,0.10491492913455436
psup2022,pvoteG,0.10460947391132314,0.10460947391132314
pvoteGratio,psup2022,0.10460947374934108,0.10460947374934108
psup2022,pabs,-0.10372891509928697,0.10372891509928697
pparratio,psup2022,0.10372891443236026,0.10372891443236026
pvoteGCGratio,Bloc_Score,-0.10371384799548136,0.10371384799548136
pvoteGCG,Bloc_Score,-0.10371384754287499,0.10371384754287499
pinsratio,pbac2022,0.10331109631538073,0.10331109631538073
perrsa2021,pchom2022,0.10312322812906807,0.10312322812906807
psup2022,perrsa2021,-0.1029056442441263,0.1029056442441263
percrimesdelits2020,paind2022,0.10219925925295151,0.10219925925295151
capitalratio2022,perrsa2021,-0.10213856372841468,0.10213856372841468
percrimesdelits2020,peretr2022,0.10169150861921941,0.10169150861921941
Bloc_Score,prixm2ratio2022,-0.10115684077442993,0.10115684077442993
perrsa2021,part_francais,-0.10114221066822603,0.10114221066822603
perimmigre2022,percrimesdelits2020,0.10005260679506636,0.10005260679506636
pvoixREC,perimmigre2022,0.09964573722947026,0.09964573722947026
pvoixRECratio,perimmigre2022,0.09964573693393403,0.09964573693393403
pagri2022,Bloc_Score,0.09961465306661045,0.09961465306661045
peretr2022,pvoixECOratio,0.09954263938904322,0.09954263938904322
peretr2022,pvoixECO,0.09954263929667138,0.09954263929667138
pvoixAUGratio,prixm2ratio2022,-0.0993160311597702,0.0993160311597702
prixm2ratio2022,pvoixAUG,-0.0993160305712935,0.0993160305712935
pinsratio,perrsa2021,-0.09897183396421001,0.09897183396421001
pvoixAUGratio,pvoixRNratio,0.09896267296369986,0.09896267296369986
pvoixRNratio,pvoixAUG,0.09896267280148577,0.09896267280148577
pvoixRN,pvoixAUGratio,0.09896267225389928,0.09896267225389928
pvoixAUG,pvoixRN,0.09896267209168486,0.09896267209168486
pabs,pouvr2022,0.09870132923590096,0.09870132923590096
pouvr2022,pparratio,-0.09870132871609624,0.09870132871609624
prixm2ratio2022,ppint2022,0.09863993300937345,0.09863993300937345
revratio2022,paind2022,-0.09851210631808756,0.09851210631808756
pouem2022,pvoteDCD,0.09837096900500544,0.09837096900500544
pvoteDCDratio,pouem2022,0.09837096850647623,0.09837096850647623
communeavececole,pvoixECO,0.09693738848096255,0.09693738848096255
pvoixECOratio,communeavececole,0.09693738792024985,0.09693738792024985
pvoixDVD,capitalratio2022,-0.09688691302660556,0.09688691302660556
capitalratio2022,pvoixDVDratio,-0.09688691283120629,0.09688691283120629
pcapi2022,pvoteC,0.09683637765107356,0.09683637765107356
pvoteCratio,pcapi2022,0.09683637757051601,0.09683637757051601
pparratio,pindp2022,0.09681044470837455,0.09681044470837455
pabs,pindp2022,-0.09681044176364714,0.09681044176364714
pvoixNUPratio,prixm2ratio2022,0.0966840410299338,0.0966840410299338
prixm2ratio2022,pvoixNUP,0.09668404011068904,0.09668404011068904
revratio2022,ppint2022,0.0966004428407745,0.0966004428407745
Parti_score,pagri2022,0.09618815626194999,0.09618815626194999
pvoteDratio,perpropri2022,0.09600759760821952,0.09600759760821952
pvoteD,perpropri2022,0.09600759736523819,0.09600759736523819
pagri2022,pvoteCD,0.09591371889408157,0.09591371889408157
pagri2022,pvoteCDratio,0.09591371883979698,0.09591371883979698
percrimesdelits2020,perrsa2021,0.09502133109872313,0.09502133109872313
pvoixDVGratio,part_etranger,0.09498250723427687,0.09498250723427687
part_etranger,pvoixDVG,0.09498250721922227,0.09498250721922227
Parti_score,pvoixLR,0.09491022921154293,0.09491022921154293
pvoixLRratio,Parti_score,0.09491022866257084,0.09491022866257084
pvoteTDratio,pvoixRECratio,0.09468531183537143,0.09468531183537143
pvoteTDratio,pvoixREC,0.0946853117285905,0.0946853117285905
pvoixRECratio,pvoteTD,0.09468531102809347,0.09468531102809347
pvoixREC,pvoteTD,0.09468531092131395,0.09468531092131395
pvoixRECratio,pvoteTG,-0.09468530972810388,0.09468530972810388
pvoteTG,pvoixREC,-0.09468530962132238,0.09468530962132238
pvoteTGratio,pvoixRECratio,-0.09468530885215984,0.09468530885215984
pvoixREC,pvoteTGratio,-0.094685308745379,0.094685308745379
pvoixREG,pvoixREC,-0.09456567711157353,0.09456567711157353
pvoixREC,pvoixREGratio,-0.09456567708944404,0.09456567708944404
pvoixRECratio,pvoixREG,-0.09456567700004997,0.09456567700004997
pvoixRECratio,pvoixREGratio,-0.0945656769779187,0.0945656769779187
communeavececole,pcapi2022,0.09425560731394297,0.09425560731394297
pvoixRNratio,part_francais,0.09396771640239804,0.09396771640239804
part_francais,pvoixRN,0.09396771591155235,0.09396771591155235
psup2022,pvoixECO,0.09394565418915375,0.09394565418915375
psup2022,pvoixECOratio,0.09394565408124927,0.09394565408124927
pvoixDVD,prixm2ratio2022,-0.0932337902823488,0.0932337902823488
prixm2ratio2022,pvoixDVDratio,-0.09323378995058249,0.09323378995058249
Bloc_Score,pvoteGratio,-0.0931069846891349,0.0931069846891349
pvoteG,Bloc_Score,-0.09310698467382042,0.09310698467382042
pcapi2022,paica2022,0.0928372194045226,0.0928372194045226
pvoixAUGratio,revratio2022,-0.09269015209085797,0.09269015209085797
revratio2022,pvoixAUG,-0.09269015182183486,0.09269015182183486
pinsratio,nmencomp,-0.09222992823076466,0.09222992823076466
pcapi2022,pvoixECOratio,0.09216302042486878,0.09216302042486878
pcapi2022,pvoixECO,0.09216302039023931,0.09216302039023931
Parti_score,pvoteTGratio,-0.09214064690328941,0.09214064690328941
pvoteTG,Parti_score,-0.09214064680579365,0.09214064680579365
pvoteTDratio,Parti_score,0.0921406466236574,0.0921406466236574
pvoteTD,Parti_score,0.09214064638850926,0.09214064638850926
pvoteTG,pcadr2022,0.09201202986222036,0.09201202986222036
pcadr2022,pvoteTD,-0.0920120297439445,0.0920120297439445
pvoteTGratio,pcadr2022,0.09201202943566242,0.09201202943566242
pcadr2022,pvoteTDratio,-0.09201202907837258,0.09201202907837258
pbac2022,pvoixNUPratio,0.09191900157564538,0.09191900157564538
pvoixNUP,pbac2022,0.09191900152024633,0.09191900152024633
Bloc_Score,pvoixREG,-0.09178426116695708,0.09178426116695708
pvoixREGratio,Bloc_Score,-0.09178426104454981,0.09178426104454981
pabs,pop2022,0.09134823990171592,0.09134823990171592
pop2022,pparratio,-0.09134823835684013,0.09134823835684013
pparratio,pempl2022,-0.09128131711473066,0.09128131711473066
pempl2022,pabs,0.09128131559140323,0.09128131559140323
pvoixLRratio,communeavececole,-0.0912061578659287,0.0912061578659287
communeavececole,pvoixLR,-0.09120615773330877,0.09120615773330877
pvoteCDratio,pvoixAUG,-0.0911665757145555,0.0911665757145555
pvoixAUG,pvoteCD,-0.0911665755304255,0.0911665755304255
pvoteCDratio,pvoixAUGratio,-0.091166575158636,0.091166575158636
pvoteCD,pvoixAUGratio,-0.09116657497450646,0.09116657497450646
pvoteCGratio,pvoixDVDratio,-0.0910521954780564,0.0910521954780564
pvoteCGratio,pvoixDVD,-0.0910521954696307,0.0910521954696307
pvoteCG,pvoixDVDratio,-0.09105219537902175,0.09105219537902175
pvoixDVD,pvoteCG,-0.09105219537059595,0.09105219537059595
pvoteCD,part_etranger,-0.09086552800362946,0.09086552800362946
part_etranger,pvoteCDratio,-0.09086552777945732,0.09086552777945732
pvoixREG,pvoteTD,-0.09082737186050036,0.09082737186050036
pvoixREGratio,pvoteTD,-0.0908273717814711,0.0908273717814711
pvoixREG,pvoteTDratio,-0.09082737157611837,0.09082737157611837
pvoteTDratio,pvoixREGratio,-0.09082737149708885,0.09082737149708885
pvoixREG,pvoteTG,0.09082737147730072,0.09082737147730072
pvoteTG,pvoixREGratio,0.09082737139827152,0.09082737139827152
pvoteTGratio,pvoixREG,0.09082736989639827,0.09082736989639827
pvoixREGratio,pvoteTGratio,0.09082736981736891,0.09082736981736891
pcapi2022,Bloc_Score,-0.09074449984454983,0.09074449984454983
paind2022,Parti_score,0.09025649338450174,0.09025649338450174
prixm2ratio2022,pvoteGratio,0.09016650281520647,0.09016650281520647
prixm2ratio2022,pvoteG,0.09016650211131269,0.09016650211131269
pcapi2022,perrsa2021,-0.09010681056655254,0.09010681056655254
perpropri2022,pouem2022,-0.08998238673300726,0.08998238673300726
revratio2022,paica2022,0.08996146063031066,0.08996146063031066
pvoteCG,pvoixAUGratio,-0.08981952247099653,0.08981952247099653
pvoteCG,pvoixAUG,-0.0898195223996013,0.0898195223996013
pvoteCGratio,pvoixAUGratio,-0.08981952226441006,0.08981952226441006
pvoteCGratio,pvoixAUG,-0.08981952219301392,0.08981952219301392
pvoteTGratio,pblancnulratio,0.08955299776321493,0.08955299776321493
pblancnulratio,pvoteTG,0.08955299755999044,0.08955299755999044
pvoteTD,pblancnulratio,-0.0895529967573497,0.0895529967573497
pvoteTDratio,pblancnulratio,-0.08955299666809266,0.08955299666809266
pvoteGratio,part_francais,-0.0894327535954508,0.0894327535954508
part_francais,pvoteG,-0.08943275358650345,0.08943275358650345
pvoixUDI,Bloc_Score,0.0893782907811737,0.0893782907811737
pvoixUDIratio,Bloc_Score,0.08937829066014788,0.08937829066014788
pvoteTGratio,pouem2022,-0.08936914899004127,0.08936914899004127
pvoteTG,pouem2022,-0.0893691485583992,0.0893691485583992
pouem2022,pvoteTD,0.08936914788737078,0.08936914788737078
pvoteTDratio,pouem2022,0.08936914788491161,0.08936914788491161
pvoixLR,Bloc_Score,0.08934665204881795,0.08934665204881795
Bloc_Score,pvoixLRratio,0.08934665159970502,0.08934665159970502
pop2022,communeavececole,0.08919904812629692,0.08919904812629692
pvoixUDIratio,pvoteTD,-0.08870052644261846,0.08870052644261846
pvoteTD,pvoixUDI,-0.08870052640342292,0.08870052640342292
pvoteTDratio,pvoixUDIratio,-0.0887005256739596,0.0887005256739596
pvoixUDI,pvoteTDratio,-0.08870052563476377,0.08870052563476377
pvoteTG,pvoixUDIratio,0.0887005254689834,0.0887005254689834
pvoteTG,pvoixUDI,0.08870052542978761,0.08870052542978761
pvoixUDIratio,pvoteTGratio,0.08870052492769556,0.08870052492769556
pvoteTGratio,pvoixUDI,0.08870052488850075,0.08870052488850075
pbac2022,pvoixENS,0.08866539049722118,0.08866539049722118
pbac2022,pvoixENSratio,0.08866539028065332,0.08866539028065332
pvoixECO,pcadr2022,0.08828404991138741,0.08828404991138741
pvoixECOratio,pcadr2022,0.08828404980825384,0.08828404980825384
pvoteDratio,Parti_score,-0.08810117889997456,0.08810117889997456
pvoteD,Parti_score,-0.08810117837349733,0.08810117837349733
perpropri2022,pagri2022,0.08807171558139375,0.08807171558139375
pvoixECO,pabs,0.08804261294231285,0.08804261294231285
pvoixECO,pparratio,-0.08804261290238473,0.08804261290238473
pvoixECOratio,pabs,0.08804261247107212,0.08804261247107212
pvoixECOratio,pparratio,-0.08804261243114506,0.08804261243114506
pagri2022,percrimesdelits2020,0.08793216203392894,0.08793216203392894
pvoteG,pbac2022,0.08789843419526558,0.08789843419526558
pbac2022,pvoteGratio,0.08789843416730639,0.08789843416730639
pvoteDCD,perrsa2021,-0.08762004602987461,0.08762004602987461
perrsa2021,pvoteDCDratio,-0.08762004574338993,0.08762004574338993
pvoteC,pvoixECO,0.08758543890899484,0.08758543890899484
pvoixECOratio,pvoteC,0.08758543864182108,0.08758543864182108
pvoixECO,pvoteCratio,0.08758543803867534,0.08758543803867534
pvoteCratio,pvoixECOratio,0.08758543777150193,0.08758543777150193
pvoixNUP,part_francais,-0.08747256411989739,0.08747256411989739
part_francais,pvoixNUPratio,-0.0874725637484619,0.0874725637484619
pbac2022,pvoteC,0.08705448035045295,0.08705448035045295
pvoteCratio,pbac2022,0.08705447992787817,0.08705447992787817
pagri2022,pvoixECO,-0.08686851310007002,0.08686851310007002
pagri2022,pvoixECOratio,-0.08686851295154192,0.08686851295154192
percrimesdelits2020,paica2022,0.0865680375531298,0.0865680375531298
pcapi2022,pvoixRNratio,-0.0863643680780725,0.0863643680780725
pvoixRN,pcapi2022,-0.08636436750418088,0.08636436750418088
perrsa2021,pvoixRN,0.08634659512443794,0.08634659512443794
perrsa2021,pvoixRNratio,0.08634659416254288,0.08634659416254288
paind2022,Bloc_Score,0.08627396690980264,0.08627396690980264
pvoixRECratio,pvoixLR,-0.08613677212425828,0.08613677212425828
pvoixLR,pvoixREC,-0.08613677210512541,0.08613677210512541
pvoixRECratio,pvoixLRratio,-0.0861367720780012,0.0861367720780012
pvoixREC,pvoixLRratio,-0.08613677205886786,0.08613677205886786
Parti_score,pcapi2022,-0.08609149982515438,0.08609149982515438
pvoteGCG,pouvr2022,-0.08593486017054358,0.08593486017054358
pvoteGCGratio,pouvr2022,-0.08593486012789309,0.08593486012789309
pcapi2022,pvoteTDratio,-0.08566110956851496,0.08566110956851496
pvoteTGratio,pcapi2022,0.08566110909411172,0.08566110909411172
pcapi2022,pvoteTD,-0.08566110907006877,0.08566110907006877
pvoteTG,pcapi2022,0.08566110864854405,0.08566110864854405
perrsa2021,pvoteDratio,0.08533981038788999,0.08533981038788999
pvoteD,perrsa2021,0.08533980983937221,0.08533980983937221
pvoixAUG,pvoixREGratio,-0.08527350816815939,0.08527350816815939
pvoixAUGratio,pvoixREGratio,-0.08527350806835074,0.08527350806835074
pvoixREG,pvoixAUG,-0.0852735080611949,0.0852735080611949
pvoixAUGratio,pvoixREG,-0.08527350796138822,0.08527350796138822
communeavececole,perimmigre2022,0.08501896273813271,0.08501896273813271
pvoteG,pvoixRECratio,-0.08490736613977706,0.08490736613977706
pvoixRECratio,pvoteGratio,-0.08490736591447036,0.08490736591447036
pvoteG,pvoixREC,-0.08490736579184006,0.08490736579184006
pvoteGratio,pvoixREC,-0.08490736556653308,0.08490736556653308
pvoixRN,paind2022,-0.08488744896083911,0.08488744896083911
pvoixRNratio,paind2022,-0.08488744866853618,0.08488744866853618
pvoteD,percrimesdelits2020,0.08460663868091782,0.08460663868091782
percrimesdelits2020,pvoteDratio,0.08460663849461575,0.08460663849461575
pvoixREG,pvoteGCGratio,0.08446833649429372,0.08446833649429372
pvoteGCG,pvoixREG,0.08446833644957971,0.08446833644957971
pvoixREGratio,pvoteGCGratio,0.08446833637299661,0.08446833637299661
pvoixREGratio,pvoteGCG,0.0844683363282825,0.0844683363282825
capitalratio2022,pparratio,-0.08425144890535607,0.08425144890535607
capitalratio2022,pabs,0.08425144473359575,0.08425144473359575
capitalratio2022,paica2022,0.0841867069166343,0.0841867069166343
part_etranger,pvoixLR,-0.08403764594936793,0.08403764594936793
pvoixLRratio,part_etranger,-0.08403764585259298,0.08403764585259298
pcadr2022,ppint2022,-0.08395972671356138,0.08395972671356138
peretr2022,pvoixREC,0.08385676978984195,0.08385676978984195
pvoixRECratio,peretr2022,0.0838567691636639,0.0838567691636639
pvoteDCDratio,pvoixREG,-0.08372969652542338,0.08372969652542338
pvoixREG,pvoteDCD,-0.08372969652455434,0.08372969652455434
pvoteDCDratio,pvoixREGratio,-0.0837296964921911,0.0837296964921911
pvoteDCD,pvoixREGratio,-0.08372969649132167,0.08372969649132167
communeavececole,pvoixDVGratio,-0.08359478985846741,0.08359478985846741
pvoixDVG,communeavececole,-0.08359478974068632,0.08359478974068632
paind2022,perpropri2022,0.0831972290130647,0.0831972290130647
pempl2022,communeavececole,0.08297668341439432,0.08297668341439432
pvoteDCDratio,pblancnulratio,-0.08294091504473453,0.08294091504473453
pblancnulratio,pvoteDCD,-0.0829409147977824,0.0829409147977824
communeavececole,nmencomp,0.08293759035376028,0.08293759035376028
pvoteGCG,pblancnulratio,0.08281749742682179,0.08281749742682179
pvoteGCGratio,pblancnulratio,0.08281749739003424,0.08281749739003424
pvoixDVGratio,pvoixDVD,-0.0828032474201843,0.0828032474201843
pvoixDVGratio,pvoixDVDratio,-0.08280324741099795,0.08280324741099795
pvoixDVD,pvoixDVG,-0.0828032473801924,0.0828032473801924
pvoixDVDratio,pvoixDVG,-0.08280324737100735,0.08280324737100735
pvoteDCD,revratio2022,-0.08276171450943953,0.08276171450943953
revratio2022,pvoteDCDratio,-0.08276171418363207,0.08276171418363207
pvoixENS,pvoixUDIratio,-0.08225575923716033,0.08225575923716033
pvoixUDI,pvoixENS,-0.08225575913227066,0.08225575913227066
pvoixENSratio,pvoixUDIratio,-0.08225575906736762,0.08225575906736762
pvoixENSratio,pvoixUDI,-0.08225575896247733,0.08225575896247733
pindp2022,pcadr2022,-0.0822380283128408,0.0822380283128408
pabs,nmencomp,0.08188691582732123,0.08188691582732123
nmencomp,pparratio,-0.08188691400446094,0.08188691400446094
pblancnulratio,pvoixLR,-0.0817488118646772,0.0817488118646772
pblancnulratio,pvoixLRratio,-0.081748811805383,0.081748811805383
pvoixENSratio,perrsa2021,-0.08100689708647157,0.08100689708647157
pvoixENS,perrsa2021,-0.08100689693812892,0.08100689693812892
pvoixECO,pbac2022,0.08088956295373827,0.08088956295373827
pbac2022,pvoixECOratio,0.08088956285849246,0.08088956285849246
perrsa2021,pvoteC,-0.08069049120514622,0.08069049120514622
perrsa2021,pvoteCratio,-0.08069049083461105,0.08069049083461105
pvoteC,percrimesdelits2020,-0.07991213288921442,0.07991213288921442
pvoteCratio,percrimesdelits2020,-0.07991213282197607,0.07991213282197607
psup2022,perimmigre2022,0.07977323370432877,0.07977323370432877
percrimesdelits2020,pvoixENS,-0.07970702334908596,0.07970702334908596
pvoixENSratio,percrimesdelits2020,-0.07970702220646006,0.07970702220646006
pvoteD,part_francais,0.07955886381105774,0.07955886381105774
part_francais,pvoteDratio,0.07955886322708809,0.07955886322708809
peretr2022,communeavececole,0.07905810368444299,0.07905810368444299
pempl2022,perpropri2022,-0.0788864455140469,0.0788864455140469
pvoixAUGratio,pvoteD,0.07869731155684127,0.07869731155684127
pvoixAUG,pvoteD,0.07869731133711139,0.07869731133711139
pvoixAUGratio,pvoteDratio,0.07869731116119344,0.07869731116119344
pvoixAUG,pvoteDratio,0.0786973109414631,0.0786973109414631
percrimesdelits2020,pvoteDCDratio,0.07867308502768956,0.07867308502768956
percrimesdelits2020,pvoteDCD,0.07867308456838645,0.07867308456838645
pchom2022,pouvr2022,-0.0786678552074454,0.0786678552074454
pvoteCDratio,pparratio,0.07855851743112456,0.07855851743112456
pparratio,pvoteCD,0.07855851714992092,0.07855851714992092
pabs,pvoteCDratio,-0.07855851490733727,0.07855851490733727
pvoteCD,pabs,-0.07855851462613346,0.07855851462613346
perpropri2022,percrimesdelits2020,-0.0785242260642489,0.0785242260642489
pblancnulratio,perpropri2022,0.07839011688711929,0.07839011688711929
pempl2022,perrsa2021,0.07802032759232207,0.07802032759232207
pvoixDVGratio,paind2022,0.07761511896691135,0.07761511896691135
pvoixDVG,paind2022,0.07761511893159052,0.07761511893159052
nmencomp,perprive2021comm,0.07731169428876568,0.07731169428876568
pvoteDratio,paind2022,-0.0772621711118871,0.0772621711118871
paind2022,pvoteD,-0.07726217061959338,0.07726217061959338
pempl2022,propf2022,0.07719769489511674,0.07719769489511674
pchom2022,peretr2022,0.07710101284108178,0.07710101284108178
paind2022,pblancnulratio,0.07676446576908647,0.07676446576908647
pop2022,paind2022,-0.07671638227929074,0.07671638227929074
pcadr2022,pop2022,0.07652348670889675,0.07652348670889675
paica2022,perpropri2022,0.07644037162654627,0.07644037162654627
pvoixNUP,Bloc_Score,-0.0762808585950477,0.0762808585950477
Bloc_Score,pvoixNUPratio,-0.07628085854360032,0.07628085854360032
pvoteDCD,paica2022,-0.07619799388228878,0.07619799388228878
pvoteDCDratio,paica2022,-0.07619799319810037,0.07619799319810037
pagri2022,pblancnulratio,0.0761315764830177,0.0761315764830177
pvoteD,pcapi2022,-0.07594102564347796,0.07594102564347796
pcapi2022,pvoteDratio,-0.07594102542956044,0.07594102542956044
pop2022,pvoixNUP,0.07557040073484321,0.07557040073484321
pop2022,pvoixNUPratio,0.0755704004133418,0.0755704004133418
psup2022,pvoteCDratio,-0.07542692771589082,0.07542692771589082
pvoteCD,psup2022,-0.0754269276132469,0.0754269276132469
paica2022,perrsa2021,-0.07515775133206791,0.07515775133206791
pinsratio,psup2022,0.07514769484469853,0.07514769484469853
Parti_score,pvoixAUG,-0.07508777415822207,0.07508777415822207
Parti_score,pvoixAUGratio,-0.07508777377206512,0.07508777377206512
perprive2021comm,pop2022,0.07481891800320807,0.07481891800320807
pop2022,pvoteG,0.07468405765235568,0.07468405765235568
pvoteGratio,pop2022,0.0746840572425127,0.0746840572425127
pvoteDCDratio,pop2022,-0.07439692393671304,0.07439692393671304
pvoteDCD,pop2022,-0.07439692383984438,0.07439692383984438
pabs,pvoixAUG,0.07434694677266723,0.07434694677266723
pabs,pvoixAUGratio,0.07434694567532946,0.07434694567532946
pvoixAUG,pparratio,-0.0743469429486272,0.0743469429486272
pvoixAUGratio,pparratio,-0.0743469418512877,0.0743469418512877
pop2022,part_francais,-0.0743354420225899,0.0743354420225899
prixm2ratio2022,pvoteGCGratio,0.07360404483953868,0.07360404483953868
pvoteGCG,prixm2ratio2022,0.07360404391992068,0.07360404391992068
propf2022,communeavececole,0.07351548961234647,0.07351548961234647
prixm2ratio2022,Parti_score,-0.07351121091884671,0.07351121091884671
pvoixRNratio,percrimesdelits2020,0.07341059560560903,0.07341059560560903
percrimesdelits2020,pvoixRN,0.07341059488439391,0.07341059488439391
pvoixECOratio,part_etranger,0.0731573527571618,0.0731573527571618
part_etranger,pvoixECO,0.07315735266347131,0.07315735266347131
pvoteCDratio,pblancnulratio,-0.0729543974051717,0.0729543974051717
pvoteCD,pblancnulratio,-0.07295439706682534,0.07295439706682534
perpropri2022,pvoteCDratio,0.0729542852800091,0.0729542852800091
pvoteCD,perpropri2022,0.07295428491597451,0.07295428491597451
perimmigre2022,pchom2022,0.07293535340025707,0.07293535340025707
pvoixDVDratio,pvoteDratio,-0.07292579616503908,0.07292579616503908
pvoixDVD,pvoteDratio,-0.0729257959786328,0.0729257959786328
pvoixDVDratio,pvoteD,-0.07292579587567934,0.07292579587567934
pvoteD,pvoixDVD,-0.07292579568927311,0.07292579568927311
pvoixNUP,pparratio,0.07270189059787831,0.07270189059787831
pvoixNUPratio,pparratio,0.07270188973845652,0.07270188973845652
pvoixNUP,pabs,-0.07270188895660869,0.07270188895660869
pabs,pvoixNUPratio,-0.0727018880971859,0.0727018880971859
nmencomp,pvoixNUP,0.07183251194035752,0.07183251194035752
pvoixNUPratio,nmencomp,0.07183251163758222,0.07183251163758222
nmencomp,pvoteG,0.07165357650219573,0.07165357650219573
nmencomp,pvoteGratio,0.07165357602504921,0.07165357602504921
revratio2022,pvoteG,-0.07135182978464032,0.07135182978464032
pvoteGratio,revratio2022,-0.07135182931936195,0.07135182931936195
pvoteTG,paica2022,0.07124808433932149,0.07124808433932149
paica2022,pvoteTGratio,0.07124808405475684,0.07124808405475684
pvoteTD,paica2022,-0.07124808301501802,0.07124808301501802
pvoteTDratio,paica2022,-0.07124808200652151,0.07124808200652151
pvoteTDratio,pop2022,-0.07077017187675047,0.07077017187675047
pop2022,pvoteTGratio,0.0707701717400836,0.0707701717400836
pvoteTD,pop2022,-0.07077017165474697,0.07077017165474697
pop2022,pvoteTG,0.07077017133006586,0.07077017133006586
paind2022,psup2022,-0.07063524524049139,0.07063524524049139
pcapi2022,pvoixNUP,0.07041840071300898,0.07041840071300898
pvoixNUPratio,pcapi2022,0.07041840064306985,0.07041840064306985
psup2022,pagri2022,-0.0703562223457174,0.0703562223457174
pvoteCG,part_francais,-0.07034108647342853,0.07034108647342853
pvoteCGratio,part_francais,-0.07034108578589848,0.07034108578589848
perprive2021comm,pvoteDCDratio,-0.07029565339602802,0.07029565339602802
pvoteDCD,perprive2021comm,-0.0702956533813196,0.0702956533813196
nmencomp,pvoteDCDratio,-0.07024115949570542,0.07024115949570542
pvoteDCD,nmencomp,-0.07024115930321445,0.07024115930321445
pinsratio,pouem2022,-0.06951040441078535,0.06951040441078535
pvoixDVDratio,pvoixECO,-0.06932332766269073,0.06932332766269073
pvoixDVD,pvoixECO,-0.06932332751288482,0.06932332751288482
pvoixDVDratio,pvoixECOratio,-0.06932332742358986,0.06932332742358986
pvoixDVD,pvoixECOratio,-0.06932332727378257,0.06932332727378257
pagri2022,pop2022,-0.06924450564545398,0.06924450564545398
pvoixRECratio,pvoixNUP,-0.06909268114073862,0.06909268114073862
pvoixNUPratio,pvoixRECratio,-0.06909268096794938,0.06909268096794938
pvoixNUP,pvoixREC,-0.06909268082299232,0.06909268082299232
pvoixREC,pvoixNUPratio,-0.06909268065020276,0.06909268065020276
pvoteCD,part_francais,0.06903576050753217,0.06903576050753217
part_francais,pvoteCDratio,0.06903576039668949,0.06903576039668949
nmencomp,pvoteTGratio,0.06891367779719847,0.06891367779719847
pvoteTDratio,nmencomp,-0.06891367755486051,0.06891367755486051
nmencomp,pvoteTD,-0.0689136772449787,0.0689136772449787
nmencomp,pvoteTG,0.06891367701458605,0.06891367701458605
pinsratio,perimmigre2022,-0.06846730643202717,0.06846730643202717
prixm2ratio2022,pvoixLRratio,-0.06843707140757396,0.06843707140757396
prixm2ratio2022,pvoixLR,-0.06843707089570839,0.06843707089570839
pvoteCGratio,revratio2022,-0.06836323348515427,0.06836323348515427
pvoteCG,revratio2022,-0.0683632330869414,0.0683632330869414
pvoixRECratio,pvoteDCD,0.0682793260492749,0.0682793260492749
pvoixREC,pvoteDCD,0.06827932600246632,0.06827932600246632
pvoixRECratio,pvoteDCDratio,0.0682793258385233,0.0682793258385233
pvoteDCDratio,pvoixREC,0.06827932579171604,0.06827932579171604
revratio2022,pempl2022,-0.06780020605077891,0.06780020605077891
prixm2ratio2022,paica2022,0.06777905712740123,0.06777905712740123
pvoixDVGratio,pvoixECO,-0.06752657692503253,0.06752657692503253
pvoixDVGratio,pvoixECOratio,-0.06752657680163264,0.06752657680163264
pvoixDVG,pvoixECO,-0.06752657672094389,0.06752657672094389
pvoixDVG,pvoixECOratio,-0.06752657659754402,0.06752657659754402
communeavececole,ppint2022,0.06746301008735907,0.06746301008735907
pvoixAUGratio,pvoixDVGratio,-0.06705420202538583,0.06705420202538583
pvoixDVGratio,pvoixAUG,-0.06705420198760723,0.06705420198760723
pvoixDVG,pvoixAUGratio,-0.06705420178494602,0.06705420178494602
pvoixDVG,pvoixAUG,-0.06705420174716734,0.06705420174716734
pvoixRECratio,psup2022,0.06702837361885211,0.06702837361885211
pvoixREC,psup2022,0.06702837281093324,0.06702837281093324
pparratio,pvoteG,0.066962303930312,0.066962303930312
pparratio,pvoteGratio,0.06696230293288773,0.06696230293288773
pvoteG,pabs,-0.06696230185514229,0.06696230185514229
pvoteGratio,pabs,-0.06696230085771761,0.06696230085771761
perimmigre2022,revratio2022,0.06678931606755183,0.06678931606755183
paind2022,pvoteCGratio,0.06675653935233167,0.06675653935233167
pvoteCG,paind2022,0.06675653925513751,0.06675653925513751
percrimesdelits2020,pchom2022,0.06628728497915594,0.06628728497915594
pvoteCGratio,pouvr2022,-0.06605573388416296,0.06605573388416296
pouvr2022,pvoteCG,-0.06605573375543551,0.06605573375543551
pblancnulratio,pvoixDVG,0.06583559005103157,0.06583559005103157
pblancnulratio,pvoixDVGratio,0.06583559001778014,0.06583559001778014
part_francais,nmencomp,-0.06566901627710094,0.06566901627710094
pparratio,pvoixLRratio,0.0655116123690007,0.0655116123690007
pvoixLR,pparratio,0.06551161218417147,0.06551161218417147
pabs,pvoixLRratio,-0.06551160952397145,0.06551160952397145
pvoixLR,pabs,-0.06551160933914259,0.06551160933914259
pvoixRN,pvoixDVDratio,-0.06550282497497657,0.06550282497497657
pvoixRN,pvoixDVD,-0.06550282481800089,0.06550282481800089
pvoixRNratio,pvoixDVDratio,-0.06550282434446851,0.06550282434446851
pvoixDVD,pvoixRNratio,-0.0655028241874943,0.0655028241874943
pvoixAUGratio,pblancnulratio,0.06543865678705851,0.06543865678705851
pvoixAUG,pblancnulratio,0.0654386564516153,0.0654386564516153
Parti_score,pvoixNUPratio,-0.06538689264527958,0.06538689264527958
pvoixNUP,Parti_score,-0.06538689259042263,0.06538689259042263
pabs,perimmigre2022,0.06513372186554246,0.06513372186554246
perimmigre2022,pparratio,-0.06513372168342242,0.06513372168342242
pvoixRECratio,pvoixECO,0.06495571523116067,0.06495571523116067
pvoixREC,pvoixECO,0.06495571513950835,0.06495571513950835
pvoixRECratio,pvoixECOratio,0.06495571510716307,0.06495571510716307
pvoixECOratio,pvoixREC,0.06495571501551195,0.06495571501551195
pvoteDratio,pagri2022,-0.0649334395185755,0.0649334395185755
pvoteD,pagri2022,-0.06493343946312893,0.06493343946312893
pvoixAUGratio,pbac2022,-0.0649088352935854,0.0649088352935854
pvoixAUG,pbac2022,-0.06490883496084239,0.06490883496084239
Bloc_Score,peretr2022,-0.06487268311430498,0.06487268311430498
pvoteGCG,pvoixAUG,0.06478879589598376,0.06478879589598376
pvoteGCG,pvoixAUGratio,0.06478879568921743,0.06478879568921743
pvoteGCGratio,pvoixAUG,0.06478879553628376,0.06478879553628376
pvoixAUGratio,pvoteGCGratio,0.06478879532951856,0.06478879532951856
Bloc_Score,pcadr2022,-0.06451714828534963,0.06451714828534963
pcadr2022,nmencomp,0.06448692179829886,0.06448692179829886
pouem2022,pvoixENS,-0.06403881764822018,0.06403881764822018
pvoixENSratio,pouem2022,-0.06403881738324577,0.06403881738324577
perrsa2021,pcadr2022,-0.06395883648846223,0.06395883648846223
pcadr2022,pvoixNUP,0.06395490518241258,0.06395490518241258
pvoixNUPratio,pcadr2022,0.06395490509214458,0.06395490509214458
pouem2022,pvoteCratio,-0.06392799354345816,0.06392799354345816
pouem2022,pvoteC,-0.06392799303280408,0.06392799303280408
prixm2ratio2022,percrimesdelits2020,0.06391571081858385,0.06391571081858385
pindp2022,pvoteCG,0.06390268300964555,0.06390268300964555
pindp2022,pvoteCGratio,0.06390268268567809,0.06390268268567809
pvoixECOratio,paind2022,-0.06385850378313501,0.06385850378313501
paind2022,pvoixECO,-0.06385850363587971,0.06385850363587971
perpropri2022,pchom2022,-0.06384977445939488,0.06384977445939488
pindp2022,pagri2022,-0.06376945143855962,0.06376945143855962
perrsa2021,pouvr2022,0.06369683743635396,0.06369683743635396
pop2022,psup2022,0.06369027526529143,0.06369027526529143
nmencomp,pvoixRNratio,-0.06368508253352567,0.06368508253352567
nmencomp,pvoixRN,-0.06368508233780036,0.06368508233780036
pvoteGCG,pouem2022,-0.06363442013554643,0.06363442013554643
pouem2022,pvoteGCGratio,-0.06363441983920967,0.06363441983920967
pouvr2022,propf2022,-0.06349242541404533,0.06349242541404533
pparratio,pinsratio,0.06346710724485685,0.06346710724485685
pinsratio,pabs,-0.06346710457896275,0.06346710457896275
pcapi2022,pvoteGratio,0.06345396944662875,0.06345396944662875
pcapi2022,pvoteG,0.06345396892275068,0.06345396892275068
pagri2022,pvoixRN,-0.06338476818246735,0.06338476818246735
pvoixRNratio,pagri2022,-0.0633847680945774,0.0633847680945774
pop2022,pvoixRNratio,-0.06337106706733923,0.06337106706733923
pop2022,pvoixRN,-0.0633710669063412,0.0633710669063412
pvoteCGratio,pvoixUDI,-0.0632461883714597,0.0632461883714597
pvoteCG,pvoixUDI,-0.06324618833693625,0.06324618833693625
pvoixUDIratio,pvoteCGratio,-0.06324618828715683,0.06324618828715683
pvoixUDIratio,pvoteCG,-0.06324618825263346,0.06324618825263346
communeavececole,pvoteCGratio,-0.0632411001224443,0.0632411001224443
pvoteCG,communeavececole,-0.06324110002179716,0.06324110002179716
psup2022,part_francais,-0.06319655901502294,0.06319655901502294
pchom2022,part_etranger,0.0630574728579546,0.0630574728579546
pbac2022,part_francais,-0.06291261533222224,0.06291261533222224
perpropri2022,pvoixLRratio,0.0628052664217684,0.0628052664217684
pvoixLR,perpropri2022,0.06280526630449573,0.06280526630449573
pvoixLRratio,capitalratio2022,-0.06260704205097813,0.06260704205097813
capitalratio2022,pvoixLR,-0.06260704165494584,0.06260704165494584
perimmigre2022,Bloc_Score,-0.0625478993881121,0.0625478993881121
propf2022,perpropri2022,-0.062194652943982805,0.062194652943982805
paind2022,pvoteCD,0.06206946520077493,0.06206946520077493
pvoteCDratio,paind2022,0.06206946504510587,0.06206946504510587
pvoixAUGratio,psup2022,-0.06203531562069736,0.06203531562069736
psup2022,pvoixAUG,-0.06203531541485489,0.06203531541485489
ppint2022,Parti_score,-0.06198963485247059,0.06198963485247059
pvoteCD,pcapi2022,-0.0618141782324887,0.0618141782324887
pvoteCDratio,pcapi2022,-0.06181417806051166,0.06181417806051166
pvoixECOratio,part_francais,-0.06171541197384976,0.06171541197384976
pvoixECO,part_francais,-0.061715411924130374,0.061715411924130374
pinsratio,pvoixRN,-0.06152254281224034,0.06152254281224034
pvoixRNratio,pinsratio,-0.06152254257442984,0.06152254257442984
pvoixUDI,pvoteGCGratio,-0.061498250285025674,0.061498250285025674
pvoteGCGratio,pvoixUDIratio,-0.06149825020132135,0.06149825020132135
pvoteGCG,pvoixUDI,-0.06149824999308633,0.06149824999308633
pvoteGCG,pvoixUDIratio,-0.061498249909383455,0.061498249909383455
pparratio,peretr2022,-0.06135310349689222,0.06135310349689222
peretr2022,pabs,0.06135310331135902,0.06135310331135902
pvoixDVG,prixm2ratio2022,-0.06101979558852498,0.06101979558852498
pvoixDVGratio,prixm2ratio2022,-0.0610197954074161,0.0610197954074161
pcadr2022,communeavececole,0.06090061596173632,0.06090061596173632
perimmigre2022,pcadr2022,0.06088254012715182,0.06088254012715182
perrsa2021,pvoixAUG,0.0608623916852817,0.0608623916852817
perrsa2021,pvoixAUGratio,0.06086239077689288,0.06086239077689288
pop2022,pcapi2022,0.060719230723351066,0.060719230723351066
ppint2022,Bloc_Score,-0.060658537811046034,0.060658537811046034
pvoixDVG,pvoixREC,-0.0606396143348825,0.0606396143348825
pvoixDVGratio,pvoixREC,-0.060639614318675976,0.060639614318675976
pvoixDVG,pvoixRECratio,-0.060639614202831,0.060639614202831
pvoixRECratio,pvoixDVGratio,-0.0606396141866243,0.0606396141866243
percrimesdelits2020,nmencomp,0.06057723471624443,0.06057723471624443
perrsa2021,ppint2022,-0.06032003197463031,0.06032003197463031
pvoixDVGratio,pindp2022,0.05989782425881822,0.05989782425881822
pindp2022,pvoixDVG,0.05989782387338167,0.05989782387338167
pop2022,percrimesdelits2020,0.059845309144122144,0.059845309144122144
pagri2022,perrsa2021,-0.059762705689722695,0.059762705689722695
pvoixLRratio,pagri2022,0.05958258024001103,0.05958258024001103
pvoixLR,pagri2022,0.05958257992386389,0.05958257992386389
pbac2022,perimmigre2022,0.05947630250921321,0.05947630250921321
pvoteTDratio,percrimesdelits2020,0.059274118277951954,0.059274118277951954
pvoteTD,percrimesdelits2020,0.05927411743999796,0.05927411743999796
percrimesdelits2020,pvoteTG,-0.059274116566460686,0.059274116566460686
pvoteTGratio,percrimesdelits2020,-0.059274116159537385,0.059274116159537385
communeavececole,pvoteGCGratio,0.05918386381935096,0.05918386381935096
pvoteGCG,communeavececole,0.059183863124899566,0.059183863124899566
paind2022,nmencomp,-0.059147811067248,0.059147811067248
percrimesdelits2020,pvoixRECratio,0.05900139802455547,0.05900139802455547
percrimesdelits2020,pvoixREC,0.05900139760018671,0.05900139760018671
part_francais,pvoixLRratio,0.05843883359312444,0.05843883359312444
pvoixLR,part_francais,0.05843883329560867,0.05843883329560867
pbac2022,pvoteCD,-0.058410499587398704,0.058410499587398704
pvoteCDratio,pbac2022,-0.058410499542306475,0.058410499542306475
percrimesdelits2020,ppint2022,-0.05834099162199719,0.05834099162199719
pvoteGCG,pchom2022,0.058054689453862524,0.058054689453862524
pchom2022,pvoteGCGratio,0.058054689349914354,0.058054689349914354
pvoixDVG,pvoixUDI,-0.05797644277475659,0.05797644277475659
pvoixDVG,pvoixUDIratio,-0.057976442712246994,0.057976442712246994
pvoixUDI,pvoixDVGratio,-0.057976442711337325,0.057976442711337325
pvoixDVGratio,pvoixUDIratio,-0.05797644264882642,0.05797644264882642
pindp2022,peretr2022,0.05792448544349099,0.05792448544349099
pvoixDVDratio,pagri2022,0.057897797185119705,0.057897797185119705
pagri2022,pvoixDVD,0.05789779711462467,0.05789779711462467
pvoteCG,pbac2022,0.057872952391984936,0.057872952391984936
pbac2022,pvoteCGratio,0.057872952326262356,0.057872952326262356
peretr2022,pvoixREG,0.057494035717863996,0.057494035717863996
peretr2022,pvoixREGratio,0.057494035623570985,0.057494035623570985
pcadr2022,pvoteGratio,0.05746298954643351,0.05746298954643351
pcadr2022,pvoteG,0.0574629887264414,0.0574629887264414
pvoixREC,pvoteCGratio,-0.0573380101457565,0.0573380101457565
pvoixREC,pvoteCG,-0.05733801000699293,0.05733801000699293
pvoixRECratio,pvoteCGratio,-0.05733800997828748,0.05733800997828748
pvoteCG,pvoixRECratio,-0.05733800983952372,0.05733800983952372
communeavececole,pouem2022,0.05725401001652463,0.05725401001652463
pop2022,pvoteD,-0.05712376803438133,0.05712376803438133
pvoteDratio,pop2022,-0.05712376769325048,0.05712376769325048
pvoteCGratio,pblancnulratio,0.057086219797229346,0.057086219797229346
pblancnulratio,pvoteCG,0.05708621978871903,0.05708621978871903
pvoixAUG,pvoixLRratio,-0.05681026729688997,0.05681026729688997
pvoixAUG,pvoixLR,-0.05681026729056941,0.05681026729056941
pvoixLRratio,pvoixAUGratio,-0.05681026684390736,0.05681026684390736
pvoixAUGratio,pvoixLR,-0.05681026683758679,0.05681026683758679
pvoteD,nmencomp,-0.05680443472058986,0.05680443472058986
pvoteDratio,nmencomp,-0.05680443436828397,0.05680443436828397
pvoixDVDratio,perrsa2021,-0.05677458427215004,0.05677458427215004
pvoixDVD,perrsa2021,-0.05677458424979942,0.05677458424979942
revratio2022,nmencomp,0.05672186471688133,0.05672186471688133
Parti_score,pvoixRN,-0.056479615733433235,0.056479615733433235
Parti_score,pvoixRNratio,-0.056479615158662864,0.056479615158662864
nmencomp,pvoteGCGratio,0.0559777391918576,0.0559777391918576
nmencomp,pvoteGCG,0.05597773906563591,0.05597773906563591
propf2022,pagri2022,-0.05596214436462801,0.05596214436462801
pinsratio,pvoteDratio,-0.05540863289509185,0.05540863289509185
pinsratio,pvoteD,-0.05540863262008398,0.05540863262008398
revratio2022,pvoixNUPratio,-0.05537479435784277,0.05537479435784277
revratio2022,pvoixNUP,-0.05537479414331392,0.05537479414331392
Parti_score,pcadr2022,-0.05512993673949643,0.05512993673949643
pvoteCG,perprive2021comm,-0.05501700911455989,0.05501700911455989
perprive2021comm,pvoteCGratio,-0.055017009051527274,0.055017009051527274
pempl2022,pvoteD,0.054938121211021304,0.054938121211021304
pvoteDratio,pempl2022,0.05493812114711369,0.05493812114711369
pvoixENS,pagri2022,-0.054802052531200234,0.054802052531200234
pvoixENSratio,pagri2022,-0.054802051738285645,0.054802051738285645
pvoteGCGratio,pop2022,0.05474981010668754,0.05474981010668754
pvoteGCG,pop2022,0.05474980963230571,0.05474980963230571
pvoteCGratio,paica2022,0.05469894684346391,0.05469894684346391
pvoteCG,paica2022,0.05469894662119,0.05469894662119
psup2022,peretr2022,0.05465639090637474,0.05465639090637474
pvoixDVG,capitalratio2022,-0.05452419963566428,0.05452419963566428
capitalratio2022,pvoixDVGratio,-0.05452419935940163,0.05452419935940163
pvoixRNratio,pempl2022,0.05445114633142105,0.05445114633142105
pvoixRN,pempl2022,0.054451146301703356,0.054451146301703356
Parti_score,perimmigre2022,-0.05425556982809207,0.05425556982809207
pouvr2022,pvoteCratio,-0.05412856235854357,0.05412856235854357
pvoteC,pouvr2022,-0.05412856203757966,0.05412856203757966
pcadr2022,pvoixRECratio,0.054073450043540514,0.054073450043540514
pvoixREC,pcadr2022,0.0540734496471463,0.0540734496471463
pinsratio,peretr2022,-0.05376440344610968,0.05376440344610968
communeavececole,pindp2022,-0.05370392669561024,0.05370392669561024
pindp2022,pvoteGCGratio,0.05367982461013858,0.05367982461013858
pindp2022,pvoteGCG,0.05367982377205819,0.05367982377205819
perprive2021comm,pvoixDVG,-0.05365464677220414,0.05365464677220414
pvoixDVGratio,perprive2021comm,-0.05365464661164672,0.05365464661164672
pvoteGCG,paica2022,0.05342549396213795,0.05342549396213795
paica2022,pvoteGCGratio,0.05342549392102432,0.05342549392102432
Parti_score,peretr2022,-0.05325279911615869,0.05325279911615869
prixm2ratio2022,perprive2021comm,0.05321411180042065,0.05321411180042065
pvoixDVD,pcapi2022,-0.05302795840481077,0.05302795840481077
pcapi2022,pvoixDVDratio,-0.05302795832797961,0.05302795832797961
nmencomp,pagri2022,-0.0530052335124826,0.0530052335124826
pvoixAUG,paica2022,-0.05297287565044196,0.05297287565044196
pvoixAUGratio,paica2022,-0.05297287534839909,0.05297287534839909
propf2022,paind2022,-0.052960188986494225,0.052960188986494225
pbac2022,pvoixRECratio,0.05278540464120261,0.05278540464120261
pvoixREC,pbac2022,0.05278540417160935,0.05278540417160935
pinsratio,paica2022,0.05274445469843866,0.05274445469843866
propf2022,perrsa2021,0.052731227133426546,0.052731227133426546
pvoixDVDratio,pvoixREC,-0.05264361739523695,0.05264361739523695
pvoixREC,pvoixDVD,-0.052643617213404145,0.052643617213404145
pvoixDVDratio,pvoixRECratio,-0.05264361707012932,0.05264361707012932
pvoixDVD,pvoixRECratio,-0.052643616888296184,0.052643616888296184
pvoixRN,pindp2022,-0.052534664246666134,0.052534664246666134
pvoixRNratio,pindp2022,-0.05253466392839002,0.05253466392839002
peretr2022,paica2022,0.05228747818465669,0.05228747818465669
psup2022,Bloc_Score,-0.05228123928491594,0.05228123928491594
part_francais,pvoixDVG,-0.052194659852724756,0.052194659852724756
pvoixDVGratio,part_francais,-0.05219465967004111,0.05219465967004111
pblancnulratio,perrsa2021,-0.051952483508301936,0.051952483508301936
pabs,part_etranger,0.05188910578228566,0.05188910578228566
part_etranger,pparratio,-0.05188910296491195,0.05188910296491195
pvoixAUG,pvoixNUP,0.05163925790801727,0.05163925790801727
pvoixAUG,pvoixNUPratio,0.051639257829386845,0.051639257829386845
pvoixAUGratio,pvoixNUP,0.05163925770508771,0.05163925770508771
pvoixAUGratio,pvoixNUPratio,0.05163925762645716,0.05163925762645716
part_etranger,pvoixREC,0.05148974140917519,0.05148974140917519
part_etranger,pvoixRECratio,0.05148974063557333,0.05148974063557333
perimmigre2022,pouvr2022,-0.05144924149272834,0.05144924149272834
psup2022,pvoixLR,-0.05140524534106032,0.05140524534106032
psup2022,pvoixLRratio,-0.051405245310127884,0.051405245310127884
pcadr2022,pvoteCD,-0.051328994454407216,0.051328994454407216
pcadr2022,pvoteCDratio,-0.05132899439064313,0.05132899439064313
pop2022,revratio2022,0.05124733518889296,0.05124733518889296
pvoixECO,pouvr2022,-0.051172502437632994,0.051172502437632994
pouvr2022,pvoixECOratio,-0.051172502122924825,0.051172502122924825
percrimesdelits2020,pindp2022,0.05100308280037421,0.05100308280037421
pvoteGratio,Parti_score,-0.05083905730057789,0.05083905730057789
Parti_score,pvoteG,-0.050839057117787155,0.050839057117787155
pouvr2022,pvoixDVGratio,-0.0506765767642333,0.0506765767642333
pouvr2022,pvoixDVG,-0.05067657676262317,0.05067657676262317
pvoteG,pblancnulratio,0.05057459031571326,0.05057459031571326
pblancnulratio,pvoteGratio,0.05057458965140567,0.05057458965140567
pvoixENS,paind2022,-0.05050107231537107,0.05050107231537107
pvoixENSratio,paind2022,-0.05050107151586997,0.05050107151586997
pvoixRECratio,pvoixENSratio,0.05023877318390559,0.05023877318390559
pvoixRECratio,pvoixENS,0.050238773182277006,0.050238773182277006
pvoixENSratio,pvoixREC,0.0502387729967827,0.0502387729967827
pvoixENS,pvoixREC,0.0502387729951546,0.0502387729951546
pvoteTDratio,pvoixAUG,-0.050067680802957634,0.050067680802957634
pvoteTD,pvoixAUG,-0.05006768038174942,0.05006768038174942
pvoixAUGratio,pvoteTDratio,-0.05006768031533943,0.05006768031533943
pvoixAUGratio,pvoteTD,-0.050067679894131994,0.050067679894131994
pvoteTG,pvoixAUG,0.05006767823017806,0.05006767823017806
pvoixAUGratio,pvoteTG,0.05006767774256024,0.05006767774256024
pvoixAUG,pvoteTGratio,0.05006767754077874,0.05006767754077874
pvoteTGratio,pvoixAUGratio,0.050067677053160425,0.050067677053160425
paica2022,part_etranger,0.049825329797698575,0.049825329797698575
pouvr2022,pvoixENS,-0.04976156231097513,0.04976156231097513
pvoixENSratio,pouvr2022,-0.04976156199129704,0.04976156199129704
percrimesdelits2020,pcapi2022,-0.04972792028606159,0.04972792028606159
pvoixDVGratio,paica2022,0.049628292150003986,0.049628292150003986
pvoixDVG,paica2022,0.04962829203160937,0.04962829203160937
pindp2022,pvoteTGratio,0.049553117257644906,0.049553117257644906
pvoteTG,pindp2022,0.04955311712243819,0.04955311712243819
pindp2022,pvoteTDratio,-0.04955311689517366,0.04955311689517366
pindp2022,pvoteTD,-0.0495531159158463,0.0495531159158463
part_etranger,pvoixREG,0.04953903641211691,0.04953903641211691
pvoixREGratio,part_etranger,0.049539036266321244,0.049539036266321244
pvoixRECratio,pouvr2022,-0.04944099822187043,0.04944099822187043
pouvr2022,pvoixREC,-0.04944099792948951,0.04944099792948951
psup2022,nmencomp,0.04933165161446788,0.04933165161446788
pvoixDVGratio,Parti_score,0.04922985351095492,0.04922985351095492
pvoixDVG,Parti_score,0.049229853360720194,0.049229853360720194
pvoixREC,Bloc_Score,-0.048989501666521815,0.048989501666521815
Bloc_Score,pvoixRECratio,-0.04898950155876874,0.04898950155876874
pvoixREG,perimmigre2022,0.04892470020169091,0.04892470020169091
perimmigre2022,pvoixREGratio,0.04892470014479574,0.04892470014479574
capitalratio2022,pvoixNUPratio,0.04884752212629466,0.04884752212629466
pvoixNUP,capitalratio2022,0.048847521246023,0.048847521246023
perimmigre2022,paica2022,0.04873034873341669,0.04873034873341669
pvoixECOratio,pvoixAUGratio,-0.04853825509976988,0.04853825509976988
pvoixECOratio,pvoixAUG,-0.04853825489601143,0.04853825489601143
pvoixECO,pvoixAUGratio,-0.04853825447239132,0.04853825447239132
pvoixECO,pvoixAUG,-0.04853825426863265,0.04853825426863265
perrsa2021,pvoixDVG,0.048318760401653886,0.048318760401653886
pvoixDVGratio,perrsa2021,0.048318760272296396,0.048318760272296396
pinsratio,pvoixREG,0.04794441854548383,0.04794441854548383
pvoixREGratio,pinsratio,0.0479444184960265,0.0479444184960265
pvoixAUG,pouem2022,0.047414801248119996,0.047414801248119996
pouem2022,pvoixAUGratio,0.04741480118189379,0.04741480118189379
perimmigre2022,pvoixDVD,-0.04724802013115167,0.04724802013115167
pvoixDVDratio,perimmigre2022,-0.04724801977799837,0.04724801977799837
pblancnulratio,pcapi2022,-0.047181999750968366,0.047181999750968366
pvoixNUP,pouvr2022,-0.04714464216817081,0.04714464216817081
pvoixNUPratio,pouvr2022,-0.047144641979236776,0.047144641979236776
part_etranger,psup2022,0.04702762305658975,0.04702762305658975
pvoixDVG,pagri2022,0.046695906240967616,0.046695906240967616
pagri2022,pvoixDVGratio,0.04669590592230878,0.04669590592230878
pcadr2022,pvoixAUGratio,-0.04664191676719687,0.04664191676719687
pvoixAUG,pcadr2022,-0.046641916515774796,0.046641916515774796
pbac2022,perpropri2022,0.04646623579115917,0.04646623579115917
pvoteG,pouvr2022,-0.046386541285085486,0.046386541285085486
pouvr2022,pvoteGratio,-0.046386540867189394,0.046386540867189394
pvoteCratio,perpropri2022,-0.04629928210388288,0.04629928210388288
perpropri2022,pvoteC,-0.04629928208926485,0.04629928208926485
pvoixDVD,peretr2022,-0.04625245400631494,0.04625245400631494
peretr2022,pvoixDVDratio,-0.04625245374670151,0.04625245374670151
pvoixRECratio,pcapi2022,0.045901649005860516,0.045901649005860516
pcapi2022,pvoixREC,0.045901648481350775,0.045901648481350775
pparratio,pvoixENS,-0.04582691071424464,0.04582691071424464
pparratio,pvoixENSratio,-0.04582690971512079,0.04582690971512079
pvoixENS,pabs,0.04582690456437981,0.04582690456437981
pvoixENSratio,pabs,0.04582690356525626,0.04582690356525626
pvoixNUPratio,pagri2022,-0.04581268954335165,0.04581268954335165
pvoixNUP,pagri2022,-0.04581268871761238,0.04581268871761238
pinsratio,pouvr2022,-0.04579459204928363,0.04579459204928363
pvoixDVD,pvoixAUG,-0.04571418948085305,0.04571418948085305
pvoixAUG,pvoixDVDratio,-0.04571418945894991,0.04571418945894991
pvoixDVD,pvoixAUGratio,-0.04571418929379163,0.04571418929379163
pvoixDVDratio,pvoixAUGratio,-0.045714189271888785,0.045714189271888785
pouem2022,pvoixNUP,-0.045670936009587444,0.045670936009587444
pvoixNUPratio,pouem2022,-0.04567093559346017,0.04567093559346017
pvoixREG,paind2022,0.04560870684776125,0.04560870684776125
pvoixREGratio,paind2022,0.04560870681334835,0.04560870681334835
pcapi2022,pvoteGCG,0.04559011621951276,0.04559011621951276
pvoteGCGratio,pcapi2022,0.04559011578715049,0.04559011578715049
pagri2022,pvoteC,-0.04532745276215809,0.04532745276215809
pagri2022,pvoteCratio,-0.04532745220585528,0.04532745220585528
ppint2022,pvoixECOratio,0.04497923908705577,0.04497923908705577
ppint2022,pvoixECO,0.04497923897056917,0.04497923897056917
perrsa2021,pvoteCG,0.04494240679372795,0.04494240679372795
perrsa2021,pvoteCGratio,0.044942406708450684,0.044942406708450684
paind2022,pvoixDVDratio,0.044833468121712614,0.044833468121712614
paind2022,pvoixDVD,0.04483346804292591,0.04483346804292591
perimmigre2022,pindp2022,0.044769439807551305,0.044769439807551305
pvoteCratio,paica2022,0.04474633522807644,0.04474633522807644
paica2022,pvoteC,0.04474633434614818,0.04474633434614818
pvoixENS,perpropri2022,-0.04470590281151342,0.04470590281151342
perpropri2022,pvoixENSratio,-0.044705902600599735,0.044705902600599735
pagri2022,pvoteDCDratio,0.044653649265710846,0.044653649265710846
pagri2022,pvoteDCD,0.04465364920967475,0.04465364920967475
pvoteGCG,pcadr2022,0.044424838259033206,0.044424838259033206
pcadr2022,pvoteGCGratio,0.04442483799918093,0.04442483799918093
pindp2022,part_etranger,0.04439902834096791,0.04439902834096791
pinsratio,paind2022,0.04408455578911217,0.04408455578911217
psup2022,pvoixDVD,-0.0439326280918855,0.0439326280918855
pvoixDVDratio,psup2022,-0.043932627623283003,0.043932627623283003
pvoixRECratio,pouem2022,-0.04387341107922996,0.04387341107922996
pouem2022,pvoixREC,-0.04387341058811536,0.04387341058811536
pchom2022,pvoteTG,0.043770736291160045,0.043770736291160045
pvoteTGratio,pchom2022,0.04377073619573041,0.04377073619573041
pchom2022,pvoteTDratio,-0.04377073572321809,0.04377073572321809
pvoteTD,pchom2022,-0.04377073535915598,0.04377073535915598
pparratio,revratio2022,-0.043712838437169,0.043712838437169
pabs,revratio2022,0.04371283335944764,0.04371283335944764
pvoteCDratio,pouvr2022,0.043533352880036104,0.043533352880036104
pouvr2022,pvoteCD,0.04353335268200547,0.04353335268200547
pvoteGratio,pagri2022,-0.04344817006589181,0.04344817006589181
pvoteG,pagri2022,-0.043448169819288306,0.043448169819288306
pparratio,pvoteC,-0.04323821818317687,0.04323821818317687
pvoteCratio,pparratio,-0.0432382180427377,0.0432382180427377
pabs,pvoteC,0.043238212693518165,0.043238212693518165
pabs,pvoteCratio,0.04323821255307838,0.04323821255307838
pbac2022,pvoixLR,-0.043164481461235284,0.043164481461235284
pvoixLRratio,pbac2022,-0.0431644812760758,0.0431644812760758
pvoteGratio,pvoixREGratio,-0.043155015976797745,0.043155015976797745
pvoteGratio,pvoixREG,-0.04315501592445992,0.04315501592445992
pvoixREGratio,pvoteG,-0.04315501540841879,0.04315501540841879
pvoteG,pvoixREG,-0.043155015356080025,0.043155015356080025
percrimesdelits2020,revratio2022,-0.04306926011037027,0.04306926011037027
nmencomp,pcapi2022,0.04295169882528818,0.04295169882528818
propf2022,prixm2ratio2022,0.042746260171972895,0.042746260171972895
revratio2022,perpropri2022,0.04260728728454649,0.04260728728454649
communeavececole,pinsratio,-0.04256062383645536,0.04256062383645536
pvoteCG,psup2022,0.04255117379241662,0.04255117379241662
pvoteCGratio,psup2022,0.04255117364753876,0.04255117364753876
pvoixDVDratio,pvoixREGratio,0.042433603579241974,0.042433603579241974
pvoixREGratio,pvoixDVD,0.042433603451721744,0.042433603451721744
pvoixDVDratio,pvoixREG,0.04243360344689065,0.04243360344689065
pvoixDVD,pvoixREG,0.04243360331936959,0.04243360331936959
pvoixDVD,pcadr2022,-0.0418749206980861,0.0418749206980861
pcadr2022,pvoixDVDratio,-0.04187492069544874,0.04187492069544874
part_etranger,pinsratio,-0.041846992716691955,0.041846992716691955
pvoixDVD,pvoixUDIratio,-0.04184561652000704,0.04184561652000704
pvoixUDI,pvoixDVD,-0.04184561650037982,0.04184561650037982
pvoixUDIratio,pvoixDVDratio,-0.041845616426184375,0.041845616426184375
pvoixUDI,pvoixDVDratio,-0.04184561640655757,0.04184561640655757
pop2022,pvoixENS,0.04164972801999713,0.04164972801999713
pvoixENSratio,pop2022,0.04164972711862852,0.04164972711862852
pouem2022,pvoteGratio,-0.0413040031565195,0.0413040031565195
pvoteG,pouem2022,-0.04130400297517479,0.04130400297517479
pvoteCGratio,pouem2022,-0.041122000210373606,0.041122000210373606
pouem2022,pvoteCG,-0.04112199993972942,0.04112199993972942
pvoixECO,pouem2022,-0.04110270268557896,0.04110270268557896
pvoixECOratio,pouem2022,-0.04110270261011718,0.04110270261011718
Bloc_Score,pvoixRNratio,0.040980419174263136,0.040980419174263136
pvoixRN,Bloc_Score,0.04098041858397527,0.04098041858397527
pparratio,propf2022,-0.04084193495530193,0.04084193495530193
propf2022,pabs,0.04084193417440945,0.04084193417440945
revratio2022,pvoixDVD,-0.04081456379990993,0.04081456379990993
pvoixDVDratio,revratio2022,-0.040814563565790184,0.040814563565790184
ppint2022,part_etranger,-0.04079141797222054,0.04079141797222054
propf2022,paica2022,-0.040672575844371166,0.040672575844371166
part_francais,communeavececole,-0.040654835013819654,0.040654835013819654
pop2022,pvoteC,0.040646387949081104,0.040646387949081104
pvoteCratio,pop2022,0.040646387783936214,0.040646387783936214
pinsratio,pempl2022,-0.040616658337340544,0.040616658337340544
prixm2ratio2022,pvoixREG,0.0405758662816194,0.0405758662816194
pvoixREGratio,prixm2ratio2022,0.04057586627336615,0.04057586627336615
ppint2022,pvoteDCDratio,-0.0403978614232972,0.0403978614232972
ppint2022,pvoteDCD,-0.04039786130844466,0.04039786130844466
pvoteCratio,pvoteG,-0.0403294010643222,0.0403294010643222
pvoteG,pvoteC,-0.040329400993138656,0.040329400993138656
pvoteGratio,pvoteCratio,-0.04032940070956723,0.04032940070956723
pvoteC,pvoteGratio,-0.04032940063838352,0.04032940063838352
pblancnulratio,pvoixNUP,0.04022145287342658,0.04022145287342658
pvoixNUPratio,pblancnulratio,0.04022145187388629,0.04022145187388629
pvoteDratio,pindp2022,-0.04018389680941023,0.04018389680941023
pindp2022,pvoteD,-0.04018389617581804,0.04018389617581804
pchom2022,part_francais,-0.04010619317101993,0.04010619317101993
Bloc_Score,pouvr2022,0.04003022975422206,0.04003022975422206
pvoixECO,pblancnulratio,-0.0398972351650928,0.0398972351650928
pvoixECOratio,pblancnulratio,-0.03989723471096976,0.03989723471096976
psup2022,Parti_score,-0.03988769225919181,0.03988769225919181
pop2022,pvoteCDratio,-0.039849290975939956,0.039849290975939956
pvoteCD,pop2022,-0.0398492907339404,0.0398492907339404
pcadr2022,part_francais,-0.03967321874157399,0.03967321874157399
pblancnulratio,pcadr2022,-0.03961782550155076,0.03961782550155076
Parti_score,paica2022,0.03949189610242882,0.03949189610242882
pindp2022,pvoteDCD,-0.039339748497920185,0.039339748497920185
pvoteDCDratio,pindp2022,-0.039339747969532164,0.039339747969532164
pouvr2022,pvoixAUGratio,0.03929350984750906,0.03929350984750906
pouvr2022,pvoixAUG,0.03929350946921167,0.03929350946921167
pblancnulratio,pop2022,-0.039113457660681444,0.039113457660681444
pbac2022,part_etranger,0.03907195705675993,0.03907195705675993
pvoteCratio,pvoixNUP,-0.03905421290434255,0.03905421290434255
pvoixNUP,pvoteC,-0.039054212773162796,0.039054212773162796
pvoixNUPratio,pvoteCratio,-0.03905421265127925,0.03905421265127925
pvoteC,pvoixNUPratio,-0.03905421252009996,0.03905421252009996
peretr2022,pbac2022,0.03901544324702425,0.03901544324702425
pvoteC,paind2022,-0.03897355660297192,0.03897355660297192
paind2022,pvoteCratio,-0.038973555806040595,0.038973555806040595
pvoixENSratio,paica2022,0.03886741743700846,0.03886741743700846
paica2022,pvoixENS,0.038867416907371555,0.038867416907371555
pcapi2022,pinsratio,0.03866576588700432,0.03866576588700432
paica2022,pblancnulratio,0.03854240981160008,0.03854240981160008
pbac2022,pchom2022,-0.0383306673786844,0.0383306673786844
pindp2022,pinsratio,0.038270585915514105,0.038270585915514105
Bloc_Score,pvoteCGratio,-0.03818359030002836,0.03818359030002836
Bloc_Score,pvoteCG,-0.038183589897408235,0.038183589897408235
pvoteGratio,capitalratio2022,0.03790052980680865,0.03790052980680865
pvoteG,capitalratio2022,0.03790052900775489,0.03790052900775489
pvoteG,pchom2022,0.03783029128500639,0.03783029128500639
pchom2022,pvoteGratio,0.037830290914507805,0.037830290914507805
ppint2022,pvoixENS,0.037812212048044726,0.037812212048044726
pvoixENSratio,ppint2022,0.03781221115119262,0.03781221115119262
pchom2022,pvoixDVG,0.037749251804268476,0.037749251804268476
pvoixDVGratio,pchom2022,0.037749251308680905,0.037749251308680905
pvoteCG,pchom2022,0.03735044440279562,0.03735044440279562
pvoteCGratio,pchom2022,0.03735044422874461,0.03735044422874461
perpropri2022,pvoixREGratio,-0.037278577862572965,0.037278577862572965
perpropri2022,pvoixREG,-0.03727857751464426,0.03727857751464426
part_etranger,paind2022,0.03717650058919291,0.03717650058919291
paica2022,part_francais,-0.03716392402411933,0.03716392402411933
paind2022,perrsa2021,-0.03703231609660294,0.03703231609660294
Bloc_Score,pvoixAUG,-0.03695998929848525,0.03695998929848525
pvoixAUGratio,Bloc_Score,-0.036959988881698054,0.036959988881698054
ppint2022,pvoixNUP,0.0369239254420492,0.0369239254420492
ppint2022,pvoixNUPratio,0.03692392542491874,0.03692392542491874
pvoixREG,communeavececole,-0.0368488811452347,0.0368488811452347
communeavececole,pvoixREGratio,-0.03684888080693258,0.03684888080693258
pvoixRECratio,paica2022,0.03677958271525919,0.03677958271525919
paica2022,pvoixREC,0.03677958245772557,0.03677958245772557
pchom2022,revratio2022,-0.03665697782836518,0.03665697782836518
pchom2022,psup2022,-0.036526187682579266,0.036526187682579266
peretr2022,ppint2022,-0.036341915287886176,0.036341915287886176
pouem2022,part_francais,0.03633748852272101,0.03633748852272101
capitalratio2022,pvoteGCGratio,0.035998667805027064,0.035998667805027064
pvoteGCG,capitalratio2022,0.03599866732706393,0.03599866732706393
revratio2022,pvoixREG,-0.035979193075844074,0.035979193075844074
pvoixREGratio,revratio2022,-0.035979192994759775,0.035979192994759775
pchom2022,pvoixNUPratio,0.03595202409941855,0.03595202409941855
pvoixNUP,pchom2022,0.03595202380508406,0.03595202380508406
ppint2022,pvoteCD,-0.03592759110816256,0.03592759110816256
pvoteCDratio,ppint2022,-0.03592759095045785,0.03592759095045785
pbac2022,pop2022,0.03587691451580542,0.03587691451580542
part_francais,pabs,-0.035524261782686896,0.035524261782686896
pparratio,part_francais,0.03552425952100469,0.03552425952100469
nmencomp,pvoteCDratio,-0.035497111177546316,0.035497111177546316
pvoteCD,nmencomp,-0.03549711098614709,0.03549711098614709
peretr2022,paind2022,0.03531063617013072,0.03531063617013072
pvoixDVGratio,pbac2022,0.03511519246860555,0.03511519246860555
pbac2022,pvoixDVG,0.035115191990511385,0.035115191990511385
part_francais,pouvr2022,0.034944728677563985,0.034944728677563985
pop2022,pindp2022,-0.03487229847506363,0.03487229847506363
pindp2022,pvoixREGratio,0.034798058198150114,0.034798058198150114
pvoixREG,pindp2022,0.03479805817133164,0.03479805817133164
pvoteTDratio,ppint2022,-0.03453190978398238,0.03453190978398238
ppint2022,pvoteTGratio,0.03453190895939758,0.03453190895939758
pvoteTD,ppint2022,-0.0345319087056022,0.0345319087056022
ppint2022,pvoteTG,0.034531908118459784,0.034531908118459784
pvoixLRratio,perprive2021comm,0.034530860584986126,0.034530860584986126
pvoixLR,perprive2021comm,0.03453086040885295,0.03453086040885295
percrimesdelits2020,propf2022,-0.03444069193029498,0.03444069193029498
pouvr2022,perpropri2022,-0.034137581173747406,0.034137581173747406
nmencomp,pblancnulratio,-0.034119539064664015,0.034119539064664015
perprive2021comm,pvoixREG,0.0341093564513732,0.0341093564513732
pvoixREGratio,perprive2021comm,0.034109356247074306,0.034109356247074306
pvoteCratio,perimmigre2022,0.03404780799018434,0.03404780799018434
perimmigre2022,pvoteC,0.03404780778705048,0.03404780778705048
pvoixUDI,pvoixECO,-0.033951931416668545,0.033951931416668545
pvoixUDIratio,pvoixECO,-0.03395193130857878,0.03395193130857878
pvoixUDI,pvoixECOratio,-0.03395193122353091,0.03395193122353091
pvoixECOratio,pvoixUDIratio,-0.03395193111544106,0.03395193111544106
pagri2022,pchom2022,-0.033787878963094584,0.033787878963094584
paica2022,pvoixREG,0.03372174689437383,0.03372174689437383
pvoixREGratio,paica2022,0.03372174681368438,0.03372174681368438
pvoixDVD,pouvr2022,0.033673515700445925,0.033673515700445925
pvoixDVDratio,pouvr2022,0.033673515409269605,0.033673515409269605
pvoteTDratio,pagri2022,0.03365440229184977,0.03365440229184977
pvoteTD,pagri2022,0.033654400495219804,0.033654400495219804
pvoteTGratio,pagri2022,-0.0336543998157022,0.0336543998157022
pagri2022,pvoteTG,-0.03365439969686708,0.03365439969686708
propf2022,revratio2022,0.03361492774769616,0.03361492774769616
propf2022,perimmigre2022,0.03352259486776833,0.03352259486776833
pvoixENS,nmencomp,0.03345816999172864,0.03345816999172864
pvoixENSratio,nmencomp,0.03345816911740358,0.03345816911740358
perimmigre2022,pvoixAUGratio,-0.033418798589590584,0.033418798589590584
perimmigre2022,pvoixAUG,-0.03341879831272509,0.03341879831272509
percrimesdelits2020,pempl2022,-0.033394941064856846,0.033394941064856846
pvoteGratio,ppint2022,0.03339393614485214,0.03339393614485214
ppint2022,pvoteG,0.033393936121632335,0.033393936121632335
nmencomp,pvoteCratio,0.03331929207959946,0.03331929207959946
pvoteC,nmencomp,0.03331929206419739,0.03331929206419739
pvoixRECratio,pvoteCratio,0.033249270680311194,0.033249270680311194
pvoteCratio,pvoixREC,0.033249270558158114,0.033249270558158114
pvoixRECratio,pvoteC,0.033249270497501156,0.033249270497501156
pvoixREC,pvoteC,0.03324927037534835,0.03324927037534835
propf2022,ppint2022,0.03316594703813803,0.03316594703813803
pinsratio,pvoteDCD,-0.03299849814660511,0.03299849814660511
pvoteDCDratio,pinsratio,-0.03299849790560281,0.03299849790560281
revratio2022,peretr2022,0.03298891576184083,0.03298891576184083
pblancnulratio,part_etranger,0.032952033341570444,0.032952033341570444
pop2022,pvoixECO,0.03290537314735238,0.03290537314735238
pvoixECOratio,pop2022,0.032905372944614215,0.032905372944614215
pvoixECOratio,perprive2021comm,-0.032652596157114806,0.032652596157114806
perprive2021comm,pvoixECO,-0.0326525958602455,0.0326525958602455
pvoteCG,Parti_score,0.0325280757148017,0.0325280757148017
Parti_score,pvoteCGratio,0.0325280751299981,0.0325280751299981
pcadr2022,peretr2022,0.032498094271162466,0.032498094271162466
ppint2022,pvoixDVD,-0.03239768338980962,0.03239768338980962
pvoixDVDratio,ppint2022,-0.03239768330046857,0.03239768330046857
propf2022,pcapi2022,0.03201863098641742,0.03201863098641742
pvoteCratio,peretr2022,0.03193367000236666,0.03193367000236666
peretr2022,pvoteC,0.03193366987849317,0.03193366987849317
pbac2022,pvoixDVD,-0.03191311624966771,0.03191311624966771
pvoixDVDratio,pbac2022,-0.03191311577028225,0.03191311577028225
capitalratio2022,pempl2022,-0.03184440412932571,0.03184440412932571
pvoteC,pvoixAUGratio,-0.03176175300381634,0.03176175300381634
pvoteCratio,pvoixAUGratio,-0.03176175263196659,0.03176175263196659
pvoixAUG,pvoteC,-0.03176175232723903,0.03176175232723903
pvoteCratio,pvoixAUG,-0.03176175195538927,0.03176175195538927
pinsratio,pvoteTGratio,0.031757961173876546,0.031757961173876546
pinsratio,pvoteTD,-0.03175796094617665,0.03175796094617665
pinsratio,pvoteTDratio,-0.031757960594929656,0.031757960594929656
pvoteTG,pinsratio,0.03175796053709927,0.03175796053709927
part_francais,pvoixREC,-0.03162142843792639,0.03162142843792639
part_francais,pvoixRECratio,-0.03162142778180078,0.03162142778180078
pvoixENS,pchom2022,-0.031584988670752094,0.031584988670752094
pvoixENSratio,pchom2022,-0.03158498823248546,0.03158498823248546
pop2022,propf2022,0.03140521824517147,0.03140521824517147
ppint2022,pvoteC,0.031370543403574,0.031370543403574
ppint2022,pvoteCratio,0.0313705430917298,0.0313705430917298
percrimesdelits2020,pvoteGratio,-0.03123656526196933,0.03123656526196933
pvoteG,percrimesdelits2020,-0.031236565215683063,0.031236565215683063
peretr2022,pouvr2022,-0.031223845195704023,0.031223845195704023
capitalratio2022,perprive2021comm,0.031215141005366896,0.031215141005366896
propf2022,capitalratio2022,0.03117679113656283,0.03117679113656283
pagri2022,perimmigre2022,-0.031158798844000538,0.031158798844000538
pabs,pcadr2022,-0.031155867797468498,0.031155867797468498
pparratio,pcadr2022,0.031155866517843803,0.031155866517843803
pvoixAUG,pvoteDCDratio,-0.03104712536223053,0.03104712536223053
pvoteDCD,pvoixAUG,-0.031047125165579944,0.031047125165579944
pvoixAUGratio,pvoteDCDratio,-0.031047124708215915,0.031047124708215915
pvoteDCD,pvoixAUGratio,-0.0310471245115654,0.0310471245115654
peretr2022,pvoixAUGratio,-0.030845621861908052,0.030845621861908052
peretr2022,pvoixAUG,-0.03084562149957967,0.03084562149957967
pvoteTD,perprive2021comm,-0.03080972335578907,0.03080972335578907
pvoteTGratio,perprive2021comm,0.030809721960457448,0.030809721960457448
perprive2021comm,pvoteTG,0.030809721808689967,0.030809721808689967
pvoteTDratio,perprive2021comm,-0.03080972164413999,0.03080972164413999
pvoixREC,perpropri2022,-0.030777224213633523,0.030777224213633523
perpropri2022,pvoixRECratio,-0.03077722404057891,0.03077722404057891
pchom2022,pvoteCratio,-0.03076213499087479,0.03076213499087479
pvoteC,pchom2022,-0.030762134767962867,0.030762134767962867
pvoixLRratio,paind2022,0.03065640641080204,0.03065640641080204
pvoixLR,paind2022,0.030656406342262032,0.030656406342262032
pvoixRNratio,pvoixUDI,-0.030640983808828914,0.030640983808828914
pvoixRNratio,pvoixUDIratio,-0.030640983677083698,0.030640983677083698
pvoixUDI,pvoixRN,-0.030640983379918104,0.030640983379918104
pvoixRN,pvoixUDIratio,-0.030640983248172677,0.030640983248172677
pouem2022,pvoixDVGratio,-0.030589496951643952,0.030589496951643952
pouem2022,pvoixDVG,-0.030589496623337462,0.030589496623337462
pvoixECO,pvoixREG,-0.030588218136675067,0.030588218136675067
pvoixREGratio,pvoixECO,-0.030588218111422965,0.030588218111422965
pvoixECOratio,pvoixREG,-0.030588217919871943,0.030588217919871943
pvoixREGratio,pvoixECOratio,-0.030588217894620205,0.030588217894620205
part_francais,pvoixREG,-0.03043431101868945,0.03043431101868945
pvoixREGratio,part_francais,-0.03043431095646083,0.03043431095646083
pcapi2022,pvoixAUGratio,-0.03041371941151956,0.03041371941151956
pcapi2022,pvoixAUG,-0.03041371905343135,0.03041371905343135
pvoixECOratio,percrimesdelits2020,0.03024650157168646,0.03024650157168646
percrimesdelits2020,pvoixECO,0.030246500991261166,0.030246500991261166
pvoixUDI,pvoteDratio,-0.030243336133805414,0.030243336133805414
pvoixUDI,pvoteD,-0.030243336020436554,0.030243336020436554
pvoixUDIratio,pvoteDratio,-0.030243335976483442,0.030243335976483442
pvoteD,pvoixUDIratio,-0.030243335863114507,0.030243335863114507
pvoixENSratio,perimmigre2022,0.030059479928298126,0.030059479928298126
perimmigre2022,pvoixENS,0.030059479073955054,0.030059479073955054
pcapi2022,perpropri2022,0.02990867309320405,0.02990867309320405
pinsratio,ppint2022,0.029738562638205467,0.029738562638205467
perpropri2022,ppint2022,0.029721894435352374,0.029721894435352374
perrsa2021,pvoixREGratio,-0.02971395404142897,0.02971395404142897
pvoixREG,perrsa2021,-0.029713953962208297,0.029713953962208297
Bloc_Score,paica2022,0.029696102732484513,0.029696102732484513
pempl2022,pvoixENS,-0.02948301548376864,0.02948301548376864
pempl2022,pvoixENSratio,-0.029483015480899426,0.029483015480899426
pvoixNUPratio,paind2022,-0.029448714697994274,0.029448714697994274
pvoixNUP,paind2022,-0.029448714224514314,0.029448714224514314
perimmigre2022,perprive2021comm,-0.029008984062091788,0.029008984062091788
propf2022,nmencomp,0.028932315509220666,0.028932315509220666
pvoteDCD,propf2022,-0.028905954719354275,0.028905954719354275
pvoteDCDratio,propf2022,-0.028905954417698,0.028905954417698
perimmigre2022,pouem2022,-0.02884469548896506,0.02884469548896506
pcapi2022,part_francais,-0.02879031006789825,0.02879031006789825
pvoixREG,pouvr2022,-0.028659294167174477,0.028659294167174477
pvoixREGratio,pouvr2022,-0.028659294145756915,0.028659294145756915
pvoteCDratio,pempl2022,-0.02853449074208253,0.02853449074208253
pvoteCD,pempl2022,-0.028534490471342683,0.028534490471342683
perprive2021comm,pvoteCD,0.028410053760994116,0.028410053760994116
perprive2021comm,pvoteCDratio,0.028410053247316408,0.028410053247316408
pvoteCGratio,pagri2022,0.028409993221833872,0.028409993221833872
pagri2022,pvoteCG,0.028409992784734675,0.028409992784734675
pvoteG,pvoixENSratio,-0.028271761523568823,0.028271761523568823
pvoixENS,pvoteG,-0.028271761140497828,0.028271761140497828
pvoteGratio,pvoixENSratio,-0.028271761030419305,0.028271761030419305
pvoixENS,pvoteGratio,-0.02827176064734856,0.02827176064734856
ppint2022,pparratio,-0.02814003119458871,0.02814003119458871
ppint2022,pabs,0.02814002818574279,0.02814002818574279
pchom2022,communeavececole,-0.028138034221830466,0.028138034221830466
pvoixNUPratio,percrimesdelits2020,-0.02811046757327009,0.02811046757327009
percrimesdelits2020,pvoixNUP,-0.028110467446795906,0.028110467446795906
percrimesdelits2020,pvoixDVDratio,0.028097316274659483,0.028097316274659483
pvoixDVD,percrimesdelits2020,0.028097316180092778,0.028097316180092778
pvoixAUG,pinsratio,-0.02802136260310451,0.02802136260310451
pinsratio,pvoixAUGratio,-0.028021362451607863,0.028021362451607863
pcapi2022,pvoixDVG,-0.027850391872165228,0.027850391872165228
pcapi2022,pvoixDVGratio,-0.0278503915563234,0.0278503915563234
Parti_score,pouvr2022,0.027839625024753876,0.027839625024753876
pvoixREG,pagri2022,0.02781887370191499,0.02781887370191499
pvoixREGratio,pagri2022,0.027818873630557534,0.027818873630557534
percrimesdelits2020,pouem2022,-0.027784004997761513,0.027784004997761513
pblancnulratio,pindp2022,0.027684243153216326,0.027684243153216326
pbac2022,Bloc_Score,-0.02764216254401141,0.02764216254401141
pvoteTD,propf2022,-0.027465667552183753,0.027465667552183753
propf2022,pvoteTDratio,-0.027465666602761105,0.027465666602761105
pvoteTG,propf2022,0.027465666247462325,0.027465666247462325
pvoteTGratio,propf2022,0.027465666160820513,0.027465666160820513
pvoixECO,perpropri2022,-0.027427732438563064,0.027427732438563064
perpropri2022,pvoixECOratio,-0.027427732430252434,0.027427732430252434
Parti_score,pchom2022,0.027404434845251905,0.027404434845251905
propf2022,peretr2022,0.027402115706429607,0.027402115706429607
perpropri2022,pvoixDVDratio,0.027399259081267703,0.027399259081267703
pvoixDVD,perpropri2022,0.027399259075071673,0.027399259075071673
pchom2022,pvoteCD,-0.027346826749196772,0.027346826749196772
pvoteCDratio,pchom2022,-0.027346826694266378,0.027346826694266378
pindp2022,nmencomp,-0.02733154731743695,0.02733154731743695
pvoteGCGratio,paind2022,0.0271251886955271,0.0271251886955271
paind2022,pvoteGCG,0.027125188536304013,0.027125188536304013
pblancnulratio,ppint2022,-0.027102322321853594,0.027102322321853594
pvoixLRratio,pcapi2022,-0.026921576336866093,0.026921576336866093
pvoixLR,pcapi2022,-0.026921576323681275,0.026921576323681275
pvoixREG,pbac2022,0.02680662374329151,0.02680662374329151
pbac2022,pvoixREGratio,0.026806623703084585,0.026806623703084585
pvoixLRratio,pop2022,-0.02665307675834063,0.02665307675834063
pop2022,pvoixLR,-0.02665307668289968,0.02665307668289968
part_francais,pvoixDVD,0.026632525599277295,0.026632525599277295
pvoixDVDratio,part_francais,0.026632525359815206,0.026632525359815206
propf2022,Bloc_Score,-0.02661061453370945,0.02661061453370945
part_etranger,pcadr2022,0.026561571774230595,0.026561571774230595
pvoixREGratio,percrimesdelits2020,-0.026380153741815713,0.026380153741815713
pvoixREG,percrimesdelits2020,-0.026380153420358973,0.026380153420358973
pvoixLRratio,pouvr2022,0.02636756747424868,0.02636756747424868
pouvr2022,pvoixLR,0.02636756741920862,0.02636756741920862
pvoteGratio,paind2022,-0.026332887689734328,0.026332887689734328
pvoteG,paind2022,-0.026332887255841424,0.026332887255841424
percrimesdelits2020,pvoteGCGratio,-0.02611823214967555,0.02611823214967555
percrimesdelits2020,pvoteGCG,-0.026118232047347645,0.026118232047347645
pvoixDVD,part_etranger,-0.02605033454788873,0.02605033454788873
part_etranger,pvoixDVDratio,-0.026050334220002618,0.026050334220002618
pchom2022,pvoteDCDratio,-0.025956001087963018,0.025956001087963018
pvoteDCD,pchom2022,-0.02595600013548456,0.02595600013548456
psup2022,communeavececole,0.02579768133642647,0.02579768133642647
pblancnulratio,psup2022,-0.02577476861132357,0.02577476861132357
pindp2022,pchom2022,0.025684056599450732,0.025684056599450732
pvoixREGratio,pcapi2022,-0.02567216401623204,0.02567216401623204
pcapi2022,pvoixREG,-0.025672163999910232,0.025672163999910232
pchom2022,pabs,-0.0256162216739319,0.0256162216739319
pchom2022,pparratio,0.025616216848568723,0.025616216848568723
pindp2022,Parti_score,0.025515383862322247,0.025515383862322247
pvoixRECratio,pvoixAUG,-0.025462270990926527,0.025462270990926527
pvoixRECratio,pvoixAUGratio,-0.025462270819426445,0.025462270819426445
pvoixREC,pvoixAUG,-0.02546227061701465,0.02546227061701465
pvoixAUGratio,pvoixREC,-0.02546227044551459,0.02546227044551459
pcadr2022,pvoixLRratio,-0.025256609614919167,0.025256609614919167
pvoixLR,pcadr2022,-0.02525660937307311,0.02525660937307311
pindp2022,psup2022,-0.025161873559343947,0.025161873559343947
pvoteGCGratio,pinsratio,0.025043591006590003,0.025043591006590003
pinsratio,pvoteGCG,0.025043590681051206,0.025043590681051206
pop2022,pouvr2022,-0.02500854274055731,0.02500854274055731
pvoixREG,ppint2022,-0.02490345599551854,0.02490345599551854
pvoixREGratio,ppint2022,-0.024903455959885794,0.024903455959885794
pvoixAUG,paind2022,-0.024825619117423856,0.024825619117423856
pvoixAUGratio,paind2022,-0.024825618562973776,0.024825618562973776
pvoteCratio,pempl2022,-0.024769718023311224,0.024769718023311224
pvoteC,pempl2022,-0.02476971770880557,0.02476971770880557
pindp2022,pvoixREC,0.024710840510017592,0.024710840510017592
pvoixRECratio,pindp2022,0.02471084036561469,0.02471084036561469
pbac2022,nmencomp,0.02457964591555888,0.02457964591555888
pvoteCD,percrimesdelits2020,0.024577914433468132,0.024577914433468132
pvoteCDratio,percrimesdelits2020,0.02457791423190644,0.02457791423190644
perrsa2021,Bloc_Score,-0.024540569300181093,0.024540569300181093
pvoteDratio,pblancnulratio,-0.02448949826419274,0.02448949826419274
pblancnulratio,pvoteD,-0.024489497988260868,0.024489497988260868
pcadr2022,pvoixDVG,-0.024412863669628845,0.024412863669628845
pcadr2022,pvoixDVGratio,-0.024412863540116177,0.024412863540116177
pempl2022,pop2022,0.024292641433996648,0.024292641433996648
part_francais,pindp2022,-0.024237384377099668,0.024237384377099668
pvoixRNratio,communeavececole,-0.02414820214091935,0.02414820214091935
communeavececole,pvoixRN,-0.0241482003201891,0.0241482003201891
pindp2022,perpropri2022,0.02414432021190341,0.02414432021190341
revratio2022,part_etranger,-0.02402950256684345,0.02402950256684345
peretr2022,pvoixENSratio,0.024013046148516157,0.024013046148516157
peretr2022,pvoixENS,0.024013045372193665,0.024013045372193665
pvoteCDratio,propf2022,-0.023885257277720933,0.023885257277720933
propf2022,pvoteCD,-0.02388525724543863,0.02388525724543863
nmencomp,pvoixLRratio,-0.02381549864594136,0.02381549864594136
nmencomp,pvoixLR,-0.02381549858130775,0.02381549858130775
pcapi2022,perimmigre2022,0.023597370708250433,0.023597370708250433
pempl2022,pvoixLRratio,-0.023587722646058726,0.023587722646058726
pempl2022,pvoixLR,-0.023587722540111197,0.023587722540111197
pagri2022,pvoixREC,-0.02354807964180634,0.02354807964180634
pagri2022,pvoixRECratio,-0.023548079524368788,0.023548079524368788
pvoixAUG,pindp2022,-0.023466613797601614,0.023466613797601614
pvoixAUGratio,pindp2022,-0.02346661374823241,0.02346661374823241
pchom2022,capitalratio2022,-0.023292133571265104,0.023292133571265104
communeavececole,pvoixRECratio,0.023273954729098833,0.023273954729098833
pvoixREC,communeavececole,0.02327395455238741,0.02327395455238741
pouem2022,Bloc_Score,0.02321353305455615,0.02321353305455615
pvoixLRratio,pchom2022,-0.02302521485000367,0.02302521485000367
pchom2022,pvoixLR,-0.02302521463627525,0.02302521463627525
nmencomp,pvoixECO,0.023008167682540572,0.023008167682540572
nmencomp,pvoixECOratio,0.023008167543165734,0.023008167543165734
pvoixDVD,pabs,-0.02290122930781341,0.02290122930781341
pabs,pvoixDVDratio,-0.022901229294777392,0.022901229294777392
pvoixDVD,pparratio,0.02290122909652351,0.02290122909652351
pparratio,pvoixDVDratio,0.022901229083487896,0.022901229083487896
percrimesdelits2020,pbac2022,0.022737356645959998,0.022737356645959998
Bloc_Score,part_etranger,-0.022736649387756006,0.022736649387756006
pop2022,pvoixRECratio,0.022726453747484096,0.022726453747484096
pop2022,pvoixREC,0.022726453611808802,0.022726453611808802
pvoixREG,pabs,-0.02267551604870796,0.02267551604870796
pvoixREG,pparratio,0.022675515859304142,0.022675515859304142
pabs,pvoixREGratio,-0.02267551554841296,0.02267551554841296
pvoixREGratio,pparratio,0.022675515359009205,0.022675515359009205
pbac2022,communeavececole,-0.02265136106402943,0.02265136106402943
pvoixRECratio,perprive2021comm,-0.02254374516542904,0.02254374516542904
perprive2021comm,pvoixREC,-0.022543745072857887,0.022543745072857887
pinsratio,pblancnulratio,0.022503601711752013,0.022503601711752013
pagri2022,pinsratio,0.022486482580537676,0.022486482580537676
pouvr2022,perprive2021comm,0.022480016067398346,0.022480016067398346
communeavececole,pvoteD,-0.022417871922742045,0.022417871922742045
pvoteDratio,communeavececole,-0.02241787127986713,0.02241787127986713
pvoixUDIratio,capitalratio2022,0.022389956311005293,0.022389956311005293
pvoixUDI,capitalratio2022,0.02238995624686388,0.02238995624686388
pvoixDVG,pvoixREG,0.022351648152768182,0.022351648152768182
pvoixDVG,pvoixREGratio,0.02235164803547897,0.02235164803547897
pvoixDVGratio,pvoixREG,0.02235164800194621,0.02235164800194621
pvoixDVGratio,pvoixREGratio,0.022351647884656906,0.022351647884656906
perprive2021comm,pvoteGratio,0.022327055830303644,0.022327055830303644
perprive2021comm,pvoteG,0.02232705522177626,0.02232705522177626
nmencomp,pvoixRECratio,0.02229226071149668,0.02229226071149668
pvoixREC,nmencomp,0.022292260576715718,0.022292260576715718
pcadr2022,pinsratio,0.0221750821083616,0.0221750821083616
pvoixECOratio,pvoteG,-0.022090390934545887,0.022090390934545887
pvoixECO,pvoteG,-0.022090390897623914,0.022090390897623914
pvoixECOratio,pvoteGratio,-0.022090390809562984,0.022090390809562984
pvoteGratio,pvoixECO,-0.02209039077264093,0.02209039077264093
perprive2021comm,pvoteGCG,-0.02189260615222389,0.02189260615222389
perprive2021comm,pvoteGCGratio,-0.021892606100482017,0.021892606100482017
pvoixDVD,pop2022,-0.021869654161620813,0.021869654161620813
pop2022,pvoixDVDratio,-0.0218696541609147,0.0218696541609147
pblancnulratio,pvoixRN,-0.02170683912192786,0.02170683912192786
pblancnulratio,pvoixRNratio,-0.021706838841038592,0.021706838841038592
ppint2022,pvoteGCG,0.021699265426025717,0.021699265426025717
pvoteGCGratio,ppint2022,0.0216992651022733,0.0216992651022733
Parti_score,propf2022,-0.021686116009731186,0.021686116009731186
pouem2022,pchom2022,0.021518793998051435,0.021518793998051435
part_francais,Bloc_Score,0.0214271439832729,0.0214271439832729
pvoteGCG,propf2022,0.02120682557706465,0.02120682557706465
pvoteGCGratio,propf2022,0.021206825237353382,0.021206825237353382
pvoteCGratio,pinsratio,0.02114950980280685,0.02114950980280685
pinsratio,pvoteCG,0.02114950962132959,0.02114950962132959
pblancnulratio,pvoixREC,-0.02084093347545333,0.02084093347545333
pblancnulratio,pvoixRECratio,-0.020840933448555973,0.020840933448555973
nmencomp,pempl2022,0.02083832673050856,0.02083832673050856
nmencomp,pchom2022,0.020345727891914158,0.020345727891914158
revratio2022,pinsratio,0.020137623189712968,0.020137623189712968
nmencomp,pvoixDVDratio,-0.020115571861635987,0.020115571861635987
nmencomp,pvoixDVD,-0.020115571832741312,0.020115571832741312
pvoteC,pblancnulratio,0.020036944114633144,0.020036944114633144
pblancnulratio,pvoteCratio,0.020036943579111892,0.020036943579111892
propf2022,part_francais,-0.020013814487954834,0.020013814487954834
pbac2022,paind2022,-0.01989942718720242,0.01989942718720242
pindp2022,pvoixLRratio,-0.019691380771350523,0.019691380771350523
pvoixLR,pindp2022,-0.01969138053455731,0.01969138053455731
pouvr2022,part_etranger,-0.019621243861724258,0.019621243861724258
perrsa2021,Parti_score,-0.019267525484227138,0.019267525484227138
pempl2022,pvoixAUG,0.019264686235700053,0.019264686235700053
pempl2022,pvoixAUGratio,0.01926468575526605,0.01926468575526605
pvoixREGratio,pvoteCratio,0.01922439855246867,0.01922439855246867
pvoixREG,pvoteCratio,0.019224398458107184,0.019224398458107184
pvoteC,pvoixREGratio,0.01922439843490416,0.01922439843490416
pvoixREG,pvoteC,0.01922439834054314,0.01922439834054314
pvoixUDIratio,perprive2021comm,0.019119907451523217,0.019119907451523217
perprive2021comm,pvoixUDI,0.01911990740078119,0.01911990740078119
pop2022,pchom2022,0.01910624533147166,0.01910624533147166
pvoixUDIratio,revratio2022,0.01892963376959765,0.01892963376959765
revratio2022,pvoixUDI,0.018929633568142257,0.018929633568142257
pvoixUDI,pvoteGratio,-0.01891359132089717,0.01891359132089717
pvoteGratio,pvoixUDIratio,-0.01891359129356345,0.01891359129356345
pvoteG,pvoixUDI,-0.018913591229778724,0.018913591229778724
pvoteG,pvoixUDIratio,-0.018913591202444634,0.018913591202444634
pvoixREG,capitalratio2022,0.018891827930447233,0.018891827930447233
pvoixREGratio,capitalratio2022,0.018891827881855044,0.018891827881855044
pvoixUDI,pvoixNUPratio,-0.01888899001831302,0.01888899001831302
pvoixUDI,pvoixNUP,-0.018888989998707622,0.018888989998707622
pvoixUDIratio,pvoixNUPratio,-0.018888989991538926,0.018888989991538926
pvoixUDIratio,pvoixNUP,-0.018888989971932738,0.018888989971932738
part_francais,pvoixAUGratio,0.018846744846804105,0.018846744846804105
pvoixAUG,part_francais,0.018846744194482175,0.018846744194482175
pchom2022,propf2022,0.018782787975175953,0.018782787975175953
pbac2022,pagri2022,-0.018728105028710865,0.018728105028710865
perprive2021comm,pindp2022,-0.018659090457215945,0.018659090457215945
perprive2021comm,pvoixNUP,0.01863164953446817,0.01863164953446817
perprive2021comm,pvoixNUPratio,0.018631649108476107,0.018631649108476107
psup2022,pvoixDVGratio,0.018516113747644555,0.018516113747644555
pvoixDVG,psup2022,0.018516113484478708,0.018516113484478708
pvoixREG,pblancnulratio,0.0184778479053149,0.0184778479053149
pblancnulratio,pvoixREGratio,0.018477847764046873,0.018477847764046873
pvoixREGratio,pempl2022,0.018452076556578288,0.018452076556578288
pempl2022,pvoixREG,0.018452076526770902,0.018452076526770902
paica2022,pvoixNUP,0.018433701165675012,0.018433701165675012
pvoixNUPratio,paica2022,0.018433700699952617,0.018433700699952617
revratio2022,pvoixLR,0.01842135178825943,0.01842135178825943
pvoixLRratio,revratio2022,0.01842135170504496,0.01842135170504496
pvoteCratio,part_francais,-0.01831753592516776,0.01831753592516776
part_francais,pvoteC,-0.018317535914363123,0.018317535914363123
part_etranger,communeavececole,0.01830109204362945,0.01830109204362945
pcapi2022,part_etranger,-0.018060241404830996,0.018060241404830996
pvoteCD,paica2022,0.01801776627062075,0.01801776627062075
paica2022,pvoteCDratio,0.018017766181167943,0.018017766181167943
pvoixNUPratio,propf2022,0.017822108220157288,0.017822108220157288
propf2022,pvoixNUP,0.017822108129767374,0.017822108129767374
propf2022,pvoteGratio,0.017740305438915367,0.017740305438915367
pvoteG,propf2022,0.017740305185830814,0.017740305185830814
Parti_score,pvoteGCGratio,-0.017739694201970625,0.017739694201970625
pvoteGCG,Parti_score,-0.01773969405099507,0.01773969405099507
pvoixDVD,pouem2022,0.017682025017522408,0.017682025017522408
pouem2022,pvoixDVDratio,0.017682024885889804,0.017682024885889804
Bloc_Score,perpropri2022,0.017576966042420573,0.017576966042420573
perrsa2021,prixm2ratio2022,-0.01739336926854853,0.01739336926854853
pvoixENS,pvoixAUGratio,-0.017371038485574378,0.017371038485574378
pvoixAUG,pvoixENS,-0.01737103796779844,0.01737103796779844
pvoixENSratio,pvoixAUGratio,-0.017371037846094502,0.017371037846094502
pvoixAUG,pvoixENSratio,-0.01737103732831854,0.01737103732831854
Bloc_Score,pchom2022,0.017186606558334504,0.017186606558334504
pvoteC,pinsratio,0.01714498561307498,0.01714498561307498
pvoteCratio,pinsratio,0.01714498543602934,0.01714498543602934
percrimesdelits2020,capitalratio2022,0.017122538200548768,0.017122538200548768
perimmigre2022,pempl2022,0.017119254536549416,0.017119254536549416
pcapi2022,pchom2022,-0.017047455900207103,0.017047455900207103
nmencomp,pouvr2022,-0.01696076435524825,0.01696076435524825
pempl2022,pvoteCG,0.01677120876939955,0.01677120876939955
pvoteCGratio,pempl2022,0.01677120855938691,0.01677120855938691
part_etranger,pvoixAUGratio,-0.016746650658676834,0.016746650658676834
part_etranger,pvoixAUG,-0.016746650485554102,0.016746650485554102
paica2022,pvoteGratio,0.01667058121440083,0.01667058121440083
pvoteG,paica2022,0.01667058102613532,0.01667058102613532
pvoixRECratio,pparratio,-0.016665228866480048,0.016665228866480048
pparratio,pvoixREC,-0.016665228773842057,0.016665228773842057
pabs,pvoixRECratio,0.01666522864324499,0.01666522864324499
pvoixREC,pabs,0.016665228550606658,0.016665228550606658
peretr2022,perprive2021comm,-0.016654851102229813,0.016654851102229813
ppint2022,perimmigre2022,-0.016450116677732347,0.016450116677732347
pop2022,ppint2022,0.016308670359110433,0.016308670359110433
Bloc_Score,pindp2022,0.016306476119689318,0.016306476119689318
peretr2022,pouem2022,-0.015892509720924222,0.015892509720924222
propf2022,pvoteCratio,0.01586409956921615,0.01586409956921615
propf2022,pvoteC,0.015864099357312776,0.015864099357312776
Parti_score,pouem2022,0.015823499923890892,0.015823499923890892
pvoixENS,propf2022,0.015802947400694527,0.015802947400694527
propf2022,pvoixENSratio,0.0158029472698656,0.0158029472698656
part_francais,pvoixENS,-0.01570598745550623,0.01570598745550623
pvoixENSratio,part_francais,-0.0157059874016092,0.0157059874016092
pvoixDVG,pop2022,-0.015621465548165138,0.015621465548165138
pvoixDVGratio,pop2022,-0.015621465508354054,0.015621465508354054
pvoixDVGratio,Bloc_Score,0.015620758952055329,0.015620758952055329
pvoixDVG,Bloc_Score,0.015620758824585116,0.015620758824585116
communeavececole,pvoixUDI,0.015588902338684396,0.015588902338684396
communeavececole,pvoixUDIratio,0.015588902320494634,0.015588902320494634
propf2022,pindp2022,-0.015476086963761137,0.015476086963761137
pvoixDVGratio,pinsratio,0.015449828016438726,0.015449828016438726
pvoixDVG,pinsratio,0.015449827521124506,0.015449827521124506
part_etranger,perprive2021comm,-0.015299951547492708,0.015299951547492708
ppint2022,pvoixDVG,-0.015247199168107446,0.015247199168107446
ppint2022,pvoixDVGratio,-0.015247198887541984,0.015247198887541984
propf2022,pvoixDVD,-0.015209710250900533,0.015209710250900533
propf2022,pvoixDVDratio,-0.015209709980579226,0.015209709980579226
pvoixRECratio,ppint2022,0.015019953053548378,0.015019953053548378
pvoixREC,ppint2022,0.015019952720092843,0.015019952720092843
part_francais,percrimesdelits2020,-0.014938470955000272,0.014938470955000272
pvoixDVGratio,perpropri2022,0.014784148218015662,0.014784148218015662
perpropri2022,pvoixDVG,0.014784148006467997,0.014784148006467997
pagri2022,pvoteGCGratio,-0.014756769779118701,0.014756769779118701
pagri2022,pvoteGCG,-0.014756769196190234,0.014756769196190234
Bloc_Score,pvoteD,0.014420074945913986,0.014420074945913986
pvoteDratio,Bloc_Score,0.014420073897268872,0.014420073897268872
pvoixREC,pvoixRNratio,0.014379710439181199,0.014379710439181199
pvoixRN,pvoixREC,0.014379710232441797,0.014379710232441797
pvoixRECratio,pvoixRNratio,0.014379710213932948,0.014379710213932948
pvoixRN,pvoixRECratio,0.014379710007193484,0.014379710007193484
pvoixREC,perrsa2021,0.01414804930061169,0.01414804930061169
perrsa2021,pvoixRECratio,0.014148049219544443,0.014148049219544443
propf2022,pvoixLRratio,-0.014118207852620242,0.014118207852620242
pvoixLR,propf2022,-0.014118207803102903,0.014118207803102903
pvoixDVG,pempl2022,0.01408752064747275,0.01408752064747275
pvoixDVGratio,pempl2022,0.014087520230914297,0.014087520230914297
pvoteCDratio,pvoixREG,-0.014069317113390602,0.014069317113390602
pvoteCDratio,pvoixREGratio,-0.014069317038399622,0.014069317038399622
pvoteCD,pvoixREG,-0.014069316804736241,0.014069316804736241
pvoixREGratio,pvoteCD,-0.014069316729745514,0.014069316729745514
Bloc_Score,pop2022,-0.014058155687377536,0.014058155687377536
Parti_score,part_francais,0.014044692267538475,0.014044692267538475
psup2022,perpropri2022,0.014037521229155293,0.014037521229155293
part_etranger,pvoteCratio,0.013949760275857736,0.013949760275857736
pvoteC,part_etranger,0.013949760195642627,0.013949760195642627
pindp2022,pvoteCDratio,-0.013817944421189792,0.013817944421189792
pvoteCD,pindp2022,-0.013817944259568407,0.013817944259568407
pblancnulratio,Bloc_Score,-0.013814405834200821,0.013814405834200821
percrimesdelits2020,pblancnulratio,0.013704010762654246,0.013704010762654246
pvoixECOratio,pvoteDratio,0.013629855522345745,0.013629855522345745
pvoixECO,pvoteDratio,0.01362985548568545,0.01362985548568545
pvoixECOratio,pvoteD,0.013629855393114941,0.013629855393114941
pvoteD,pvoixECO,0.01362985535645529,0.01362985535645529
pvoixLR,ppint2022,-0.013527408152233264,0.013527408152233264
pvoixLRratio,ppint2022,-0.013527407991200247,0.013527407991200247
pblancnulratio,pvoixENSratio,0.013522913081349106,0.013522913081349106
pvoixENS,pblancnulratio,0.013522912665949327,0.013522912665949327
pop2022,paica2022,-0.01350548209190913,0.01350548209190913
pouem2022,pvoteCD,0.013378603367349091,0.013378603367349091
pouem2022,pvoteCDratio,0.013378603317576489,0.013378603317576489
pinsratio,capitalratio2022,0.013261338880388619,0.013261338880388619
pindp2022,pvoixENS,-0.013241751725425868,0.013241751725425868
pvoixENSratio,pindp2022,-0.013241751437099351,0.013241751437099351
pchom2022,ppint2022,-0.01313071521789469,0.01313071521789469
communeavececole,pvoixAUG,0.013006317699529379,0.013006317699529379
pvoixAUGratio,communeavececole,0.013006316260582355,0.013006316260582355
Parti_score,perprive2021comm,0.012877676761346896,0.012877676761346896
pinsratio,percrimesdelits2020,-0.0128496589163525,0.0128496589163525
pbac2022,Parti_score,-0.012756386315169146,0.012756386315169146
pempl2022,pvoixDVD,-0.012729229965396197,0.012729229965396197
pvoixDVDratio,pempl2022,-0.01272922982823663,0.01272922982823663
pchom2022,paica2022,-0.012664386939897888,0.012664386939897888
peretr2022,pempl2022,0.012444242048328061,0.012444242048328061
pinsratio,Parti_score,0.012389425913605232,0.012389425913605232
pindp2022,prixm2ratio2022,0.012376597080647388,0.012376597080647388
revratio2022,pvoteCDratio,-0.012340450054109747,0.012340450054109747
pvoteCD,revratio2022,-0.012340449991540764,0.012340449991540764
pempl2022,Bloc_Score,-0.012337685009264021,0.012337685009264021
propf2022,part_etranger,0.012311890942818923,0.012311890942818923
pvoixRNratio,ppint2022,-0.012201839315043556,0.012201839315043556
pvoixRN,ppint2022,-0.012201839042079752,0.012201839042079752
pvoixNUP,pvoixECO,-0.012174191678412877,0.012174191678412877
pvoixNUP,pvoixECOratio,-0.012174191669439765,0.012174191669439765
pvoixECO,pvoixNUPratio,-0.012174191404648019,0.012174191404648019
pvoixECOratio,pvoixNUPratio,-0.012174191395675106,0.012174191395675106
part_francais,paind2022,-0.011920713344216556,0.011920713344216556
pinsratio,pvoteGratio,0.011826225991026191,0.011826225991026191
pvoteG,pinsratio,0.011826225860736776,0.011826225860736776
perprive2021comm,pblancnulratio,-0.011784062660693095,0.011784062660693095
pop2022,Parti_score,-0.011779402723268025,0.011779402723268025
pvoixDVD,perprive2021comm,-0.011674651490357511,0.011674651490357511
pvoixDVDratio,perprive2021comm,-0.011674651456181982,0.011674651456181982
perprive2021comm,pparratio,-0.0115629596124951,0.0115629596124951
pabs,perprive2021comm,0.011562956905006081,0.011562956905006081
part_etranger,Parti_score,-0.011532354765340213,0.011532354765340213
pblancnulratio,pouem2022,-0.011461975114904654,0.011461975114904654
pblancnulratio,pvoixUDIratio,0.011422112088791595,0.011422112088791595
pvoixUDI,pblancnulratio,0.011422112054159455,0.011422112054159455
pvoteDratio,ppint2022,-0.011312663975147916,0.011312663975147916
ppint2022,pvoteD,-0.011312663879280626,0.011312663879280626
pblancnulratio,perimmigre2022,-0.011262802347881249,0.011262802347881249
pvoixREGratio,psup2022,0.011087600221621807,0.011087600221621807
psup2022,pvoixREG,0.011087600079931448,0.011087600079931448
perrsa2021,pindp2022,0.011032360133225512,0.011032360133225512
pvoixREC,pchom2022,0.011026386075664016,0.011026386075664016
pchom2022,pvoixRECratio,0.011026385707044827,0.011026385707044827
perprive2021comm,pouem2022,0.011023578292174766,0.011023578292174766
pvoixENSratio,pinsratio,0.010981933364144169,0.010981933364144169
pvoixENS,pinsratio,0.01098193336074744,0.01098193336074744
pagri2022,pvoixAUG,-0.010847711707094398,0.010847711707094398
pvoixAUGratio,pagri2022,-0.010847711014309674,0.010847711014309674
part_francais,pblancnulratio,0.010722867865289105,0.010722867865289105
pchom2022,pinsratio,-0.010709932957637908,0.010709932957637908
propf2022,pvoteD,-0.010652318996836455,0.010652318996836455
pvoteDratio,propf2022,-0.010652318837187294,0.010652318837187294
peretr2022,pcapi2022,-0.010605638985955871,0.010605638985955871
pblancnulratio,Parti_score,-0.010562376980001406,0.010562376980001406
pvoixAUGratio,pvoixUDI,-0.01051400473116333,0.01051400473116333
pvoixAUGratio,pvoixUDIratio,-0.010514004705751341,0.010514004705751341
pvoixAUG,pvoixUDI,-0.010514004266245897,0.010514004266245897
pvoixUDIratio,pvoixAUG,-0.01051400424083374,0.01051400424083374
pvoteDCD,pempl2022,0.010376711166581582,0.010376711166581582
pempl2022,pvoteDCDratio,0.01037671066211844,0.01037671066211844
pvoixNUP,pvoixENSratio,-0.010336689843478334,0.010336689843478334
pvoixENSratio,pvoixNUPratio,-0.010336689571124182,0.010336689571124182
pvoixENS,pvoixNUP,-0.010336689396897332,0.010336689396897332
pvoixENS,pvoixNUPratio,-0.010336689124542928,0.010336689124542928
pvoixAUG,perpropri2022,-0.010222678959754063,0.010222678959754063
pvoixAUGratio,perpropri2022,-0.010222678180356966,0.010222678180356966
pvoixDVDratio,pchom2022,-0.010166032877538382,0.010166032877538382
pvoixDVD,pchom2022,-0.010166032575501315,0.010166032575501315
part_etranger,pouem2022,-0.010153773131105687,0.010153773131105687
pvoixECO,propf2022,0.01010688737113302,0.01010688737113302
propf2022,pvoixECOratio,0.01010688709747506,0.01010688709747506
pempl2022,pblancnulratio,-0.010089043395405735,0.010089043395405735
pvoteTGratio,paind2022,0.010023342360198053,0.010023342360198053
paind2022,pvoteTG,0.01002334235309493,0.01002334235309493
pvoteTD,paind2022,-0.010023340896272768,0.010023340896272768
pvoteTDratio,paind2022,-0.01002334024615561,0.01002334024615561
Bloc_Score,nmencomp,-0.009954146033469705,0.009954146033469705
perprive2021comm,percrimesdelits2020,0.00988349223220623,0.00988349223220623
pinsratio,pvoixDVDratio,0.009880081201162044,0.009880081201162044
pvoixDVD,pinsratio,0.009880081058894237,0.009880081058894237
pvoixLRratio,percrimesdelits2020,0.009786668221412845,0.009786668221412845
pvoixLR,percrimesdelits2020,0.009786667737462406,0.009786667737462406
pcadr2022,pchom2022,-0.009745231822108957,0.009745231822108957
paica2022,pvoixDVDratio,0.009744428195952901,0.009744428195952901
paica2022,pvoixDVD,0.00974442812689442,0.00974442812689442
pempl2022,part_francais,0.009694587850987351,0.009694587850987351
communeavececole,pouvr2022,-0.00959001925778229,0.00959001925778229
perprive2021comm,propf2022,0.009565802695176307,0.009565802695176307
prixm2ratio2022,pchom2022,-0.009509373571637978,0.009509373571637978
perprive2021comm,pempl2022,-0.009493599834975091,0.009493599834975091
pvoixUDI,pvoixREGratio,0.009394418254823357,0.009394418254823357
pvoixUDIratio,pvoixREGratio,0.009394418236049796,0.009394418236049796
pvoixUDI,pvoixREG,0.009394418151363097,0.009394418151363097
pvoixUDIratio,pvoixREG,0.00939441813258951,0.00939441813258951
perprive2021comm,pagri2022,0.009354368069530173,0.009354368069530173
prixm2ratio2022,pvoixUDIratio,0.009351366784364093,0.009351366784364093
prixm2ratio2022,pvoixUDI,0.009351366715759953,0.009351366715759953
pvoteCGratio,propf2022,0.009260783193477956,0.009260783193477956
propf2022,pvoteCG,0.009260783130639265,0.009260783130639265
pempl2022,prixm2ratio2022,-0.009121374788156163,0.009121374788156163
pouem2022,pvoixREG,-0.009068941057210272,0.009068941057210272
pvoixREGratio,pouem2022,-0.009068941016210644,0.009068941016210644
Parti_score,pempl2022,-0.008988982882780504,0.008988982882780504
pvoixLR,paica2022,0.008963806162035183,0.008963806162035183
paica2022,pvoixLRratio,0.008963806055770754,0.008963806055770754
pvoteGCGratio,pempl2022,0.008904489676395101,0.008904489676395101
pempl2022,pvoteGCG,0.008904489343529602,0.008904489343529602
pinsratio,pvoixNUP,0.008869673935369925,0.008869673935369925
pinsratio,pvoixNUPratio,0.008869673870293282,0.008869673870293282
nmencomp,pvoixDVG,-0.008828495508024715,0.008828495508024715
pvoixDVGratio,nmencomp,-0.008828495470028555,0.008828495470028555
pempl2022,pvoixNUP,-0.008823206827217935,0.008823206827217935
pvoixNUPratio,pempl2022,-0.00882320649490284,0.00882320649490284
pvoteG,pindp2022,0.008767329428190444,0.008767329428190444
pindp2022,pvoteGratio,0.008767329078124962,0.008767329078124962
pvoixAUG,propf2022,0.008756525785682173,0.008756525785682173
propf2022,pvoixAUGratio,0.008756525594731508,0.008756525594731508
paica2022,pvoixUDIratio,0.00870791290365286,0.00870791290365286
pvoixUDI,paica2022,0.008707912403216164,0.008707912403216164
propf2022,pvoixRNratio,-0.008662039634711906,0.008662039634711906
pvoixRN,propf2022,-0.00866203915280064,0.00866203915280064
pvoixREGratio,propf2022,-0.008620378485434257,0.008620378485434257
propf2022,pvoixREG,-0.008620378453020402,0.008620378453020402
pvoixREG,pchom2022,0.00855106454400484,0.00855106454400484
pvoixREGratio,pchom2022,0.008551064493476665,0.008551064493476665
paind2022,perimmigre2022,0.008491053346860941,0.008491053346860941
perprive2021comm,paica2022,-0.008479040755324276,0.008479040755324276
pcapi2022,pvoteCG,-0.008476279181352811,0.008476279181352811
pvoteCGratio,pcapi2022,-0.008476278973448242,0.008476278973448242
propf2022,pouem2022,0.008417239921095603,0.008417239921095603
pvoteCGratio,pop2022,-0.008346300440591568,0.008346300440591568
pop2022,pvoteCG,-0.008346300360426339,0.008346300360426339
pvoixDVG,propf2022,0.00832237302627545,0.00832237302627545
pvoixDVGratio,propf2022,0.008322372661501353,0.008322372661501353
pbac2022,pindp2022,-0.008239838771611082,0.008239838771611082
pvoixUDIratio,pouvr2022,-0.008081157836449535,0.008081157836449535
pvoixUDI,pouvr2022,-0.00808115738210624,0.00808115738210624
pcadr2022,perpropri2022,0.007943633330974226,0.007943633330974226
pindp2022,capitalratio2022,0.007879998434087728,0.007879998434087728
peretr2022,pagri2022,-0.007865542991046704,0.007865542991046704
pop2022,pvoixREG,-0.007721735794996436,0.007721735794996436
pop2022,pvoixREGratio,-0.0077217357118071865,0.0077217357118071865
pvoixREGratio,pcadr2022,-0.007654595458504996,0.007654595458504996
pcadr2022,pvoixREG,-0.007654595383196601,0.007654595383196601
pvoteCG,ppint2022,-0.0076107035033720245,0.0076107035033720245
ppint2022,pvoteCGratio,-0.007610703405774603,0.007610703405774603
part_etranger,pempl2022,0.007608648283620153,0.007608648283620153
perprive2021comm,pvoixAUGratio,-0.007562305926671356,0.007562305926671356
perprive2021comm,pvoixAUG,-0.007562305867924903,0.007562305867924903
part_etranger,pagri2022,0.00745713308092722,0.00745713308092722
pinsratio,pvoixLR,-0.007214103168397708,0.007214103168397708
pinsratio,pvoixLRratio,-0.0072141027421177535,0.0072141027421177535
part_francais,pagri2022,0.007099933239901414,0.007099933239901414
paind2022,pchom2022,-0.007056907629731127,0.007056907629731127
pvoteC,pindp2022,-0.0070213713948401694,0.0070213713948401694
pvoteCratio,pindp2022,-0.007021370860796694,0.007021370860796694
capitalratio2022,pvoteCG,0.006964680860907406,0.006964680860907406
pvoteCGratio,capitalratio2022,0.006964680806143692,0.006964680806143692
Parti_score,nmencomp,-0.00693548361020808,0.00693548361020808
pvoixUDIratio,paind2022,0.006885445849606524,0.006885445849606524
pvoixUDI,paind2022,0.006885445472657397,0.006885445472657397
pvoixNUPratio,pindp2022,0.006879020592175672,0.006879020592175672
pvoixNUP,pindp2022,0.0068790203876246125,0.0068790203876246125
pagri2022,pvoixUDIratio,0.006800287154855082,0.006800287154855082
pvoixUDI,pagri2022,0.0068002868264503925,0.0068002868264503925
perprive2021comm,pcapi2022,-0.006692401747168565,0.006692401747168565
propf2022,pcadr2022,0.006664305592952978,0.006664305592952978
pvoixUDI,pabs,0.00652465727479259,0.00652465727479259
pvoixUDIratio,pabs,0.006524657164744124,0.006524657164744124
pvoixUDI,pparratio,-0.006524656468591969,0.006524656468591969
pvoixUDIratio,pparratio,-0.006524656358543414,0.006524656358543414
paica2022,nmencomp,-0.0065009247317213605,0.0065009247317213605
perprive2021comm,paind2022,-0.006264471332182293,0.006264471332182293
part_etranger,pvoixENSratio,0.0060091483667832155,0.0060091483667832155
part_etranger,pvoixENS,0.00600914773138668,0.00600914773138668
pchom2022,pvoixRNratio,-0.00565613445868876,0.00565613445868876
pvoixRN,pchom2022,-0.0056561339789133035,0.0056561339789133035
paica2022,pvoixECO,0.005633642137398547,0.005633642137398547
pvoixECOratio,paica2022,0.005633641941415251,0.005633641941415251
pvoixAUG,pchom2022,0.005556739471018536,0.005556739471018536
pchom2022,pvoixAUGratio,0.005556739299536923,0.005556739299536923
perprive2021comm,pinsratio,-0.005508222688647357,0.005508222688647357
pvoteDCDratio,paind2022,0.005487659121712288,0.005487659121712288
pvoteDCD,paind2022,0.005487658703816784,0.005487658703816784
part_francais,perprive2021comm,0.005480173370776823,0.005480173370776823
prixm2ratio2022,pinsratio,-0.005451345632282193,0.005451345632282193
propf2022,psup2022,0.005284793592759273,0.005284793592759273
pouem2022,pvoixUDIratio,-0.005273992128523668,0.005273992128523668
pouem2022,pvoixUDI,-0.005273991530602632,0.005273991530602632
perrsa2021,pvoixUDI,-0.005273317766903388,0.005273317766903388
perrsa2021,pvoixUDIratio,-0.005273317660928422,0.005273317660928422
pvoixUDI,pop2022,0.005270762481671634,0.005270762481671634
pvoixUDIratio,pop2022,0.005270762421418414,0.005270762421418414
part_francais,ppint2022,-0.005263143886747408,0.005263143886747408
perprive2021comm,pchom2022,-0.005191193271605365,0.005191193271605365
pvoixUDI,pvoixRECratio,-0.005182507473342169,0.005182507473342169
pvoixRECratio,pvoixUDIratio,-0.005182507361687703,0.005182507361687703
pvoixREC,pvoixUDI,-0.005182507313204374,0.005182507313204374
pvoixREC,pvoixUDIratio,-0.005182507201550032,0.005182507201550032
pvoixRECratio,pinsratio,-0.005126662159092235,0.005126662159092235
pvoixREC,pinsratio,-0.005126662029802693,0.005126662029802693
propf2022,pinsratio,0.005081311751217734,0.005081311751217734
revratio2022,perprive2021comm,-0.00496446438599527,0.00496446438599527
propf2022,pvoixUDIratio,0.00470714318241173,0.00470714318241173
propf2022,pvoixUDI,0.004707143115557357,0.004707143115557357
pchom2022,pvoixUDIratio,-0.004647869501998508,0.004647869501998508
pchom2022,pvoixUDI,-0.0046478694598037235,0.0046478694598037235
pvoixUDIratio,part_etranger,0.004600282110074047,0.004600282110074047
part_etranger,pvoixUDI,0.004600282106752949,0.004600282106752949
nmencomp,pvoixUDI,0.004599773421319921,0.004599773421319921
nmencomp,pvoixUDIratio,0.004599773373785606,0.004599773373785606
pcadr2022,perprive2021comm,-0.0045961187053390855,0.0045961187053390855
ppint2022,perprive2021comm,-0.004591321580582474,0.004591321580582474
pparratio,pcapi2022,-0.00452664933249449,0.00452664933249449
pabs,pcapi2022,0.004526646012559603,0.004526646012559603
peretr2022,pvoixUDIratio,0.004515014170362418,0.004515014170362418
peretr2022,pvoixUDI,0.004515014109200492,0.004515014109200492
pvoixDVG,percrimesdelits2020,-0.004438725663282971,0.004438725663282971
percrimesdelits2020,pvoixDVGratio,-0.004438725478568318,0.004438725478568318
pblancnulratio,pouvr2022,-0.004310408722934937,0.004310408722934937
pvoteCD,pinsratio,0.004174733380329042,0.004174733380329042
pvoteCDratio,pinsratio,0.00417473314309936,0.00417473314309936
pvoixUDIratio,pcadr2022,0.004153125990298563,0.004153125990298563
pvoixUDI,pcadr2022,0.004153125728125614,0.004153125728125614
pempl2022,pvoixRECratio,-0.0041290483524034464,0.0041290483524034464
pempl2022,pvoixREC,-0.00412904803286474,0.00412904803286474
pvoteGratio,pempl2022,-0.004053689953570379,0.004053689953570379
pvoteG,pempl2022,-0.004053689285022722,0.004053689285022722
pvoixUDIratio,psup2022,0.004036095250597909,0.004036095250597909
psup2022,pvoixUDI,0.004036094777016704,0.004036094777016704
revratio2022,pvoteTD,0.00397927843340899,0.00397927843340899
pvoteTDratio,revratio2022,0.003979277824028084,0.003979277824028084
pvoteTG,revratio2022,-0.0039792772215304,0.0039792772215304
pvoteTGratio,revratio2022,-0.003979275930705695,0.003979275930705695
nmencomp,ppint2022,0.003957803324000398,0.003957803324000398
perprive2021comm,pbac2022,-0.003944558760590147,0.003944558760590147
Parti_score,perpropri2022,-0.003881875318821977,0.003881875318821977
pvoixECOratio,pinsratio,-0.0038126406904055382,0.0038126406904055382
pvoixECO,pinsratio,-0.003812640521527065,0.003812640521527065
pvoixAUGratio,percrimesdelits2020,0.003803958798972703,0.003803958798972703
percrimesdelits2020,pvoixAUG,0.003803958229269551,0.003803958229269551
propf2022,pvoixREC,-0.0035385718831181133,0.0035385718831181133
propf2022,pvoixRECratio,-0.0035385715398174315,0.0035385715398174315
perrsa2021,perprive2021comm,-0.0035222215271261135,0.0035222215271261135
pblancnulratio,pvoixDVDratio,0.0033710843487984926,0.0033710843487984926
pvoixDVD,pblancnulratio,0.003371084191378835,0.003371084191378835
pcadr2022,pvoteCG,-0.003364685327473844,0.003364685327473844
pcadr2022,pvoteCGratio,-0.0033646851230252606,0.0033646851230252606
nmencomp,pvoteCGratio,-0.003323183371576278,0.003323183371576278
pvoteCG,nmencomp,-0.003323183341748924,0.003323183341748924
pvoixLR,pouem2022,0.003154225991050789,0.003154225991050789
pvoixLRratio,pouem2022,0.003154225953119843,0.003154225953119843
pvoixUDI,percrimesdelits2020,-0.002877183770099082,0.002877183770099082
pvoixUDIratio,percrimesdelits2020,-0.0028771837461257217,0.0028771837461257217
Bloc_Score,perprive2021comm,0.0028618074871763397,0.0028618074871763397
pvoixUDI,ppint2022,-0.002791155665675776,0.002791155665675776
ppint2022,pvoixUDIratio,-0.002791155460113119,0.002791155460113119
perprive2021comm,psup2022,0.0026454644282861432,0.0026454644282861432
pvoixECOratio,pchom2022,-0.0026010993795989776,0.0026010993795989776
pchom2022,pvoixECO,-0.002601099181084404,0.002601099181084404
propf2022,pbac2022,0.0025800132212817034,0.0025800132212817034
pindp2022,pvoixUDIratio,0.0025130759385112514,0.0025130759385112514
pindp2022,pvoixUDI,0.0025130757546901828,0.0025130757546901828
nmencomp,pouem2022,0.0024183186646475094,0.0024183186646475094
percrimesdelits2020,psup2022,0.002202257210995376,0.002202257210995376
pvoixREG,nmencomp,-0.00215899305452778,0.00215899305452778
nmencomp,pvoixREGratio,-0.002158992952109338,0.002158992952109338
perpropri2022,pvoteCGratio,0.0021171985326876265,0.0021171985326876265
perpropri2022,pvoteCG,0.0021171984860874726,0.0021171984860874726
ppint2022,pvoixAUGratio,-0.0020513871137252575,0.0020513871137252575
pvoixAUG,ppint2022,-0.002051386872043562,0.002051386872043562
pvoixDVDratio,pindp2022,0.002012659431318188,0.002012659431318188
pindp2022,pvoixDVD,0.0020126593948511695,0.0020126593948511695
perrsa2021,pvoixECO,0.00194503863175822,0.00194503863175822
perrsa2021,pvoixECOratio,0.001945038524945827,0.001945038524945827
pouvr2022,percrimesdelits2020,-0.0019105730815303617,0.0019105730815303617
pinsratio,pvoixUDIratio,0.0018745352401838562,0.0018745352401838562
pvoixUDI,pinsratio,0.0018745351130111988,0.0018745351130111988
pindp2022,revratio2022,-0.0017982541652143494,0.0017982541652143494
pvoteTDratio,pempl2022,0.0017859949761902974,0.0017859949761902974
pempl2022,pvoteTD,0.0017859944910008263,0.0017859944910008263
pempl2022,pvoteTG,-0.0017859943809326439,0.0017859943809326439
pvoteTGratio,pempl2022,-0.001785994158345271,0.001785994158345271
pvoixECO,pindp2022,0.001771712732777713,0.001771712732777713
pvoixECOratio,pindp2022,0.0017717123692684083,0.0017717123692684083
Bloc_Score,pinsratio,-0.001746129641050769,0.001746129641050769
pempl2022,pvoixUDI,0.001741954508032605,0.001741954508032605
pempl2022,pvoixUDIratio,0.0017419542219983956,0.0017419542219983956
pblancnulratio,propf2022,-0.0016872295100895534,0.0016872295100895534
perpropri2022,pvoixUDIratio,0.0015859386347868943,0.0015859386347868943
pvoixUDI,perpropri2022,0.0015859384685923544,0.0015859384685923544
pouem2022,pop2022,-0.001480595354297385,0.001480595354297385
pvoteDratio,pchom2022,-0.0013946226669394343,0.0013946226669394343
pchom2022,pvoteD,-0.0013946217952589665,0.0013946217952589665
perimmigre2022,pvoixUDI,-0.0013289727409533337,0.0013289727409533337
pvoixUDIratio,perimmigre2022,-0.0013289726476403184,0.0013289726476403184
pchom2022,pblancnulratio,0.001225649821195362,0.001225649821195362
pempl2022,pvoixECO,0.0012135086935572074,0.0012135086935572074
pvoixECOratio,pempl2022,0.0012135084602024697,0.0012135084602024697
pcadr2022,percrimesdelits2020,-0.0010003297305807,0.0010003297305807
percrimesdelits2020,pvoteCG,-0.000913197785456497,0.000913197785456497
percrimesdelits2020,pvoteCGratio,-0.0009131975145910663,0.0009131975145910663
part_francais,pvoixUDI,0.0009065322242419653,0.0009065322242419653
pvoixUDIratio,part_francais,0.0009065320887539903,0.0009065320887539903
peretr2022,pblancnulratio,0.0008294493103197932,0.0008294493103197932
pbac2022,pblancnulratio,-0.00047718746199398366,0.00047718746199398366
pop2022,pvoixAUG,0.0003288158358995014,0.0003288158358995014
pop2022,pvoixAUGratio,0.00032881539302251193,0.00032881539302251193
pvoixUDI,pbac2022,-0.00032458002737213677,0.00032458002737213677
pbac2022,pvoixUDIratio,-0.0003245797070469727,0.0003245797070469727
pvoixUDIratio,pcapi2022,0.00020470094953953854,0.00020470094953953854
pvoixUDI,pcapi2022,0.00020470061524459397,0.00020470061524459397
pvoixRN,pvoixECOratio,0.00011129547257424373,0.00011129547257424373
pvoixRN,pvoixECO,0.00011129543098161897,0.00011129543098161897
pvoixECOratio,pvoixRNratio,0.00011129505106879412,0.00011129505106879412
pvoixRNratio,pvoixECO,0.00011129500947607197,0.00011129500947607197
paind2022,pvoixRECratio,-7.322489876781451e-05,7.322489876781451e-05
pvoixREC,paind2022,-7.322488407526527e-05,7.322488407526527e-05
prixm2ratio2022,pvoteCGratio,-6.943751873843013e-05,6.943751873843013e-05
prixm2ratio2022,pvoteCG,-6.94373310292726e-05,6.94373310292726e-05
pvoixAUGratio,nmencomp,-9.725206044201186e-06,9.725206044201186e-06
nmencomp,pvoixAUG,-9.724769441193476e-06,9.724769441193476e-06
